 2, 6, 5, 6, 40, 101, 1105, 424, 126, 22, 8, 5, 3, 8, 3, 14, 3, 3, 1, 0, 0, 0, 2, 4, 8, 4, 3, 6, 18, 55, 33;
 0, 0, 2, 8, 2, 3, 6, 74, 5, 4, 11, 242, 1428, 56, 4, 12, 3, 2, 14, 6, 3, 0, 0, 0, 0, 1, 3, 10, 2, 1, 4;
 0, 0, 0, 0, 1, 5, 4, 2, 2, 2, 17, 60, 6, 3, 6, 21, 110, 180, 452, 829, 150, 26, 2, 3, 4, 0, 0, 0, 0, 2, 7;
 0, 1, 4, 7, 51, 1913, 4, 0, 0, 0, 0, 0, 0, 0, 0, 0, 0, 0, 0, 0, 0, 0, 0, 0, 0, 0, 0, 0, 0, 0, 0;
 0, 0, 4, 3, 39, 1332, 602, 0, 0, 0, 0, 0, 0, 0, 0, 0, 0, 0, 0, 0, 0, 0, 0, 0, 0, 0, 0, 0, 0, 0, 0;
 0, 0, 0, 5, 4, 36, 612, 1322, 1, 0, 0, 0, 0, 0, 0, 0, 0, 0, 0, 0, 0, 0, 0, 0, 0, 0, 0, 0, 0, 0, 0;
 0, 0, 5, 20, 85, 1914, 1, 0, 0, 0, 0, 0, 0, 0, 0, 0, 0, 0, 0, 0, 0, 0, 0, 0, 0, 0, 0, 0, 0, 0, 0;
 0, 0, 1, 11, 54, 1154, 804, 1, 0, 0, 0, 0, 0, 0, 0, 0, 0, 0, 0, 0, 0, 0, 0, 0, 0, 0, 0, 0, 0, 0, 0;
 0, 0, 0, 1, 15, 57, 890, 1062, 0, 0, 0, 0, 0, 0, 0, 0, 0, 0, 0, 0, 0, 0, 0, 0, 0, 0, 0, 0, 0, 0, 0;
 0, 1, 10, 31, 71, 1902, 10, 0, 0, 0, 0, 0, 0, 0, 0, 0, 0, 0, 0, 0, 0, 0, 0, 0, 0, 0, 0, 0, 0, 0, 0;
 0, 0, 2, 10, 92, 1135, 785, 1, 0, 0, 0, 0, 0, 0, 0, 0, 0, 0, 0, 0, 0, 0, 0, 0, 0, 0, 0, 0, 0, 0, 0;
 0, 0, 0, 6, 11, 85, 846, 1076, 1, 0, 0, 0, 0, 0, 0, 0, 0, 0, 0, 0, 0, 0, 0, 0, 0, 0, 0, 0, 0, 0, 0;
 0, 0, 0, 0, 2, 3, 2, 6, 3, 34, 8, 2, 12, 72, 160, 214, 475, 633, 74, 7, 6, 3, 7, 4, 11, 4, 5, 5, 7, 4, 9;
 0, 0, 6, 8, 13, 311, 1037, 249, 53, 9, 6, 4, 6, 2, 4, 5, 5, 6, 9, 2, 6, 5, 3, 4, 5, 4, 8, 18, 17, 28, 89;
 0, 0, 1, 5, 8, 25, 659, 689, 250, 42, 5, 14, 3, 3, 2, 3, 7, 4, 13, 3, 2, 5, 5, 5, 3, 7, 10, 15, 18, 50, 77;
 0, 1, 9, 11, 129, 1874, 1, 0, 0, 0, 0, 0, 0, 0, 0, 0, 0, 0, 0, 0, 0, 0, 0, 0, 0, 0, 0, 0, 0, 0, 0;
 0, 0, 8, 7, 66, 1305, 638, 1, 0, 0, 0, 0, 0, 0, 0, 0, 0, 0, 0, 0, 0, 0, 0, 0, 0, 0, 0, 0, 0, 0, 0;
 0, 0, 2, 6, 15, 61, 631, 1310, 0, 0, 0, 0, 0, 0, 0, 0, 0, 0, 0, 0, 0, 0, 0, 0, 0, 0, 0, 0, 0, 0, 0;
 0, 4, 6, 10, 96, 1906, 3, 0, 0, 0, 0, 0, 0, 0, 0, 0, 0, 0, 0, 0, 0, 0, 0, 0, 0, 0, 0, 0, 0, 0, 0;
 0, 1, 4, 10, 80, 1284, 646, 0, 0, 0, 0, 0, 0, 0, 0, 0, 0, 0, 0, 0, 0, 0, 0, 0, 0, 0, 0, 0, 0, 0, 0;
 0, 0, 1, 5, 12, 48, 758, 1201, 0, 0, 0, 0, 0, 0, 0, 0, 0, 0, 0, 0, 0, 0, 0, 0, 0, 0, 0, 0, 0, 0, 0;
 0, 3, 5, 0, 3, 1, 3, 1, 2, 38, 1, 2, 11, 459, 988, 200, 23, 21, 9, 13, 8, 1, 1, 2, 2, 1, 4, 8, 17, 43, 75;
 0, 0, 1, 3, 2, 2, 2, 3, 2, 1, 1, 36, 4, 0, 1, 2, 16, 78, 1091, 487, 33, 12, 11, 2, 2, 3, 2, 2, 0, 1, 17;
 1, 4, 2, 2, 4, 1, 2, 1, 38, 4, 48, 688, 650, 165, 115, 18, 18, 13, 10, 7, 0, 2, 2, 2, 2, 4, 9, 19, 35, 67, 45;
 0, 0, 8, 18, 92, 1901, 6, 0, 0, 0, 0, 0, 0, 0, 0, 0, 0, 0, 0, 0, 0, 0, 0, 0, 0, 0, 0, 0, 0, 0, 0;
 0, 0, 2, 12, 58, 1507, 446, 0, 0, 0, 0, 0, 0, 0, 0, 0, 0, 0, 0, 0, 0, 0, 0, 0, 0, 0, 0, 0, 0, 0, 0;
 0, 0, 1, 3, 15, 89, 568, 1349, 0, 0, 0, 0, 0, 0, 0, 0, 0, 0, 0, 0, 0, 0, 0, 0, 0, 0, 0, 0, 0, 0, 0;
 0, 0, 5, 22, 92, 1898, 8, 0, 0, 0, 0, 0, 0, 0, 0, 0, 0, 0, 0, 0, 0, 0, 0, 0, 0, 0, 0, 0, 0, 0, 0;
 0, 0, 2, 18, 50, 1080, 874, 1, 0, 0, 0, 0, 0, 0, 0, 0, 0, 0, 0, 0, 0, 0, 0, 0, 0, 0, 0, 0, 0, 0, 0;
 0, 0, 0, 7, 23, 67, 971, 957, 0, 0, 0, 0, 0, 0, 0, 0, 0, 0, 0, 0, 0, 0, 0, 0, 0, 0, 0, 0, 0, 0, 0;
 0, 0, 0, 0, 2, 4, 3, 4, 5, 29, 11, 3, 14, 67, 164, 224, 525, 578, 65, 9, 5, 5, 4, 13, 3, 4, 5, 7, 5, 6, 3;
 0, 0, 8, 4, 15, 358, 968, 269, 54, 6, 6, 9, 4, 3, 3, 5, 3, 4, 14, 3, 8, 2, 3, 4, 6, 5, 4, 14, 24, 49, 84;
 0, 0, 4, 4, 9, 31, 517, 847, 242, 25, 8, 8, 4, 4, 4, 3, 3, 6, 8, 8, 5, 5, 3, 4, 5, 5, 6, 9, 28, 36, 89;
 0, 0, 8, 19, 95, 1893, 10, 0, 0, 0, 0, 0, 0, 0, 0, 0, 0, 0, 0, 0, 0, 0, 0, 0, 0, 0, 0, 0, 0, 0, 0;
 0, 0, 0, 19, 85, 1106, 815, 0, 0, 0, 0, 0, 0, 0, 0, 0, 0, 0, 0, 0, 0, 0, 0, 0, 0, 0, 0, 0, 0, 0, 0;
 0, 0, 0, 2, 19, 87, 970, 947, 0, 0, 0, 0, 0, 0, 0, 0, 0, 0, 0, 0, 0, 0, 0, 0, 0, 0, 0, 0, 0, 0, 0;
 0, 0, 7, 20, 101, 1894, 3, 0, 0, 0, 0, 0, 0, 0, 0, 0, 0, 0, 0, 0, 0, 0, 0, 0, 0, 0, 0, 0, 0, 0, 0;
 0, 0, 1, 9, 58, 1334, 623, 0, 0, 0, 0, 0, 0, 0, 0, 0, 0, 0, 0, 0, 0, 0, 0, 0, 0, 0, 0, 0, 0, 0, 0;
 0, 0, 0, 3, 11, 60, 641, 1310, 0, 0, 0, 0, 0, 0, 0, 0, 0, 0, 0, 0, 0, 0, 0, 0, 0, 0, 0, 0, 0, 0, 0;
 0, 0, 3, 10, 68, 1893, 6, 0, 0, 0, 0, 0, 0, 0, 0, 0, 0, 0, 0, 0, 0, 0, 0, 0, 0, 0, 0, 0, 0, 0, 0;
 0, 0, 1, 8, 15, 1293, 663, 0, 0, 0, 0, 0, 0, 0, 0, 0, 0, 0, 0, 0, 0, 0, 0, 0, 0, 0, 0, 0, 0, 0, 0;
 0, 0, 0, 0, 11, 41, 631, 1297, 0, 0, 0, 0, 0, 0, 0, 0, 0, 0, 0, 0, 0, 0, 0, 0, 0, 0, 0, 0, 0, 0, 0;
 3, 8, 5, 6, 33, 98, 1115, 433, 132, 13, 4, 0, 4, 8, 2, 11, 3, 0, 5, 3, 0, 1, 1, 0, 2, 3, 7, 9, 20, 38, 40;
 0, 0, 1, 8, 4, 2, 7, 71, 8, 4, 9, 251, 1452, 29, 4, 7, 6, 1, 13, 1, 0, 0, 6, 3, 1, 0, 0, 0, 3, 9, 8;
 0, 0, 0, 0, 0, 5, 3, 5, 2, 5, 25, 49, 7, 3, 4, 27, 134, 153, 470, 803, 170, 10, 3, 0, 1, 4, 5, 0, 0, 0, 2;
 0, 0, 4, 23, 68, 1879, 6, 0, 0, 0, 0, 0, 0, 0, 0, 0, 0, 0, 0, 0, 0, 0, 0, 0, 0, 0, 0, 0, 0, 0, 0;
 0, 0, 1, 13, 44, 1470, 452, 0, 0, 0, 0, 0, 0, 0, 0, 0, 0, 0, 0, 0, 0, 0, 0, 0, 0, 0, 0, 0, 0, 0, 0;
 0, 0, 0, 2, 11, 42, 473, 1440, 12, 0, 0, 0, 0, 0, 0, 0, 0, 0, 0, 0, 0, 0, 0, 0, 0, 0, 0, 0, 0, 0, 0;
 0, 2, 0, 2, 0, 1, 1, 3, 2, 1, 0, 1, 6, 368, 1136, 164, 15, 5, 1, 6, 5, 12, 3, 6, 10, 5, 3, 11, 4, 41, 80;
 0, 0, 0, 2, 1, 1, 0, 0, 1, 3, 3, 1, 0, 0, 1, 2, 9, 128, 1113, 432, 11, 3, 3, 11, 5, 3, 11, 7, 4, 5, 13;
 2, 0, 0, 2, 1, 1, 2, 1, 2, 2, 36, 555, 741, 274, 75, 8, 4, 4, 7, 7, 9, 0, 11, 9, 3, 6, 4, 18, 31, 58, 48;
 0, 0, 3, 9, 90, 1868, 10, 0, 0, 0, 0, 0, 0, 0, 0, 0, 0, 0, 0, 0, 0, 0, 0, 0, 0, 0, 0, 0, 0, 0, 0;
 0, 0, 3, 4, 17, 1398, 558, 0, 0, 0, 0, 0, 0, 0, 0, 0, 0, 0, 0, 0, 0, 0, 0, 0, 0, 0, 0, 0, 0, 0, 0;
 0, 0, 0, 2, 7, 11, 700, 1260, 0, 0, 0, 0, 0, 0, 0, 0, 0, 0, 0, 0, 0, 0, 0, 0, 0, 0, 0, 0, 0, 0, 0;
 0, 0, 5, 10, 51, 1913, 1, 0, 0, 0, 0, 0, 0, 0, 0, 0, 0, 0, 0, 0, 0, 0, 0, 0, 0, 0, 0, 0, 0, 0, 0;
 0, 0, 0, 6, 19, 1237, 718, 0, 0, 0, 0, 0, 0, 0, 0, 0, 0, 0, 0, 0, 0, 0, 0, 0, 0, 0, 0, 0, 0, 0, 0;
 0, 0, 0, 0, 11, 14, 887, 1068, 0, 0, 0, 0, 0, 0, 0, 0, 0, 0, 0, 0, 0, 0, 0, 0, 0, 0, 0, 0, 0, 0, 0;
 0, 0, 2, 5, 59, 1866, 4, 0, 0, 0, 0, 0, 0, 0, 0, 0, 0, 0, 0, 0, 0, 0, 0, 0, 0, 0, 0, 0, 0, 0, 0;
 0, 0, 1, 3, 11, 1373, 548, 0, 0, 0, 0, 0, 0, 0, 0, 0, 0, 0, 0, 0, 0, 0, 0, 0, 0, 0, 0, 0, 0, 0, 0;
 0, 0, 0, 0, 5, 12, 543, 1375, 1, 0, 0, 0, 0, 0, 0, 0, 0, 0, 0, 0, 0, 0, 0, 0, 0, 0, 0, 0, 0, 0, 0;
 2, 6, 4, 1, 8, 84, 1130, 408, 122, 22, 6, 8, 3, 1, 0, 2, 5, 2, 2, 1, 4, 15, 20, 3, 0, 2, 5, 21, 17, 29, 36;
 0, 0, 2, 2, 6, 2, 1, 2, 8, 37, 2, 192, 1491, 43, 11, 3, 1, 1, 1, 6, 3, 1, 1, 6, 21, 11, 6, 0, 1, 21, 7;
 0, 0, 0, 0, 0, 2, 2, 1, 6, 1, 2, 3, 11, 18, 17, 17, 132, 151, 503, 867, 66, 6, 4, 2, 1, 1, 11, 16, 11, 5, 6;
 0, 1, 7, 7, 69, 1893, 3, 0, 0, 0, 0, 0, 0, 0, 0, 0, 0, 0, 0, 0, 0, 0, 0, 0, 0, 0, 0, 0, 0, 0, 0;
 0, 0, 1, 9, 27, 1342, 601, 0, 0, 0, 0, 0, 0, 0, 0, 0, 0, 0, 0, 0, 0, 0, 0, 0, 0, 0, 0, 0, 0, 0, 0;
 0, 0, 0, 3, 9, 27, 653, 1288, 0, 0, 0, 0, 0, 0, 0, 0, 0, 0, 0, 0, 0, 0, 0, 0, 0, 0, 0, 0, 0, 0, 0;
 0, 0, 2, 9, 12, 1907, 6, 0, 0, 0, 0, 0, 0, 0, 0, 0, 0, 0, 0, 0, 0, 0, 0, 0, 0, 0, 0, 0, 0, 0, 0;
 0, 0, 0, 4, 9, 1510, 413, 0, 0, 0, 0, 0, 0, 0, 0, 0, 0, 0, 0, 0, 0, 0, 0, 0, 0, 0, 0, 0, 0, 0, 0;
 0, 0, 0, 0, 3, 12, 440, 1481, 0, 0, 0, 0, 0, 0, 0, 0, 0, 0, 0, 0, 0, 0, 0, 0, 0, 0, 0, 0, 0, 0, 0;
 0, 0, 3, 15, 60, 1896, 6, 0, 0, 0, 0, 0, 0, 0, 0, 0, 0, 0, 0, 0, 0, 0, 0, 0, 0, 0, 0, 0, 0, 0, 0;
 0, 0, 1, 7, 18, 1147, 807, 0, 0, 0, 0, 0, 0, 0, 0, 0, 0, 0, 0, 0, 0, 0, 0, 0, 0, 0, 0, 0, 0, 0, 0;
 0, 0, 0, 2, 8, 51, 872, 1047, 0, 0, 0, 0, 0, 0, 0, 0, 0, 0, 0, 0, 0, 0, 0, 0, 0, 0, 0, 0, 0, 0, 0;
 5, 3, 4, 2, 5, 102, 1056, 472, 117, 16, 9, 7, 6, 7, 1, 0, 1, 0, 3, 4, 10, 22, 4, 2, 2, 2, 3, 18, 24, 27, 32;
 0, 0, 3, 2, 4, 2, 3, 3, 2, 39, 14, 236, 1425, 46, 9, 14, 6, 1, 3, 1, 0, 0, 3, 4, 31, 9, 0, 0, 0, 13, 16;
 0, 0, 0, 0, 0, 4, 1, 3, 2, 1, 3, 1, 4, 26, 20, 17, 122, 189, 535, 781, 95, 5, 0, 2, 2, 2, 6, 17, 19, 1, 4;
 0, 0, 1, 8, 82, 1823, 22, 0, 0, 0, 0, 0, 0, 0, 0, 0, 0, 0, 0, 0, 0, 0, 0, 0, 0, 0, 0, 0, 0, 0, 0;
 0, 0, 0, 3, 12, 1492, 429, 0, 0, 0, 0, 0, 0, 0, 0, 0, 0, 0, 0, 0, 0, 0, 0, 0, 0, 0, 0, 0, 0, 0, 0;
 0, 0, 0, 0, 4, 11, 252, 1668, 1, 0, 0, 0, 0, 0, 0, 0, 0, 0, 0, 0, 0, 0, 0, 0, 0, 0, 0, 0, 0, 0, 0;
 0, 0, 4, 46, 33, 1888, 9, 0, 0, 0, 0, 0, 0, 0, 0, 0, 0, 0, 0, 0, 0, 0, 0, 0, 0, 0, 0, 0, 0, 0, 0;
 0, 0, 0, 9, 51, 1374, 546, 0, 0, 0, 0, 0, 0, 0, 0, 0, 0, 0, 0, 0, 0, 0, 0, 0, 0, 0, 0, 0, 0, 0, 0;
 0, 0, 0, 0, 10, 53, 574, 1343, 0, 0, 0, 0, 0, 0, 0, 0, 0, 0, 0, 0, 0, 0, 0, 0, 0, 0, 0, 0, 0, 0, 0;
 0, 0, 3, 12, 69, 1893, 3, 0, 0, 0, 0, 0, 0, 0, 0, 0, 0, 0, 0, 0, 0, 0, 0, 0, 0, 0, 0, 0, 0, 0, 0;
 0, 0, 1, 6, 15, 1357, 601, 0, 0, 0, 0, 0, 0, 0, 0, 0, 0, 0, 0, 0, 0, 0, 0, 0, 0, 0, 0, 0, 0, 0, 0;
 0, 0, 0, 0, 9, 23, 633, 1315, 0, 0, 0, 0, 0, 0, 0, 0, 0, 0, 0, 0, 0, 0, 0, 0, 0, 0, 0, 0, 0, 0, 0;
 0, 2, 1, 1, 0, 0, 1, 2, 4, 1, 0, 1, 7, 407, 1108, 156, 12, 5, 3, 2, 0, 18, 2, 7, 12, 4, 10, 9, 17, 33, 70;
 0, 0, 0, 0, 3, 1, 0, 0, 0, 1, 4, 2, 1, 0, 1, 1, 18, 73, 1143, 455, 6, 3, 1, 16, 2, 2, 12, 10, 4, 12, 12;
 0, 0, 4, 0, 0, 0, 3, 2, 2, 2, 41, 652, 693, 179, 111, 13, 6, 4, 1, 2, 16, 2, 10, 7, 4, 8, 12, 18, 22, 58, 59;
 0, 0, 2, 12, 101, 1847, 18, 0, 0, 0, 0, 0, 0, 0, 0, 0, 0, 0, 0, 0, 0, 0, 0, 0, 0, 0, 0, 0, 0, 0, 0;
 0, 0, 0, 6, 55, 1538, 380, 1, 0, 0, 0, 0, 0, 0, 0, 0, 0, 0, 0, 0, 0, 0, 0, 0, 0, 0, 0, 0, 0, 0, 0;
 0, 0, 0, 0, 7, 53, 345, 1572, 3, 0, 0, 0, 0, 0, 0, 0, 0, 0, 0, 0, 0, 0, 0, 0, 0, 0, 0, 0, 0, 0, 0;
 0, 0, 9, 18, 83, 1914, 1, 0, 0, 0, 0, 0, 0, 0, 0, 0, 0, 0, 0, 0, 0, 0, 0, 0, 0, 0, 0, 0, 0, 0, 0;
 0, 0, 3, 14, 63, 1612, 333, 0, 0, 0, 0, 0, 0, 0, 0, 0, 0, 0, 0, 0, 0, 0, 0, 0, 0, 0, 0, 0, 0, 0, 0;
 0, 0, 0, 5, 14, 58, 336, 1612, 0, 0, 0, 0, 0, 0, 0, 0, 0, 0, 0, 0, 0, 0, 0, 0, 0, 0, 0, 0, 0, 0, 0;
 0, 0, 6, 7, 55, 1909, 3, 0, 0, 0, 0, 0, 0, 0, 0, 0, 0, 0, 0, 0, 0, 0, 0, 0, 0, 0, 0, 0, 0, 0, 0;
 0, 0, 0, 10, 24, 1450, 496, 0, 0, 0, 0, 0, 0, 0, 0, 0, 0, 0, 0, 0, 0, 0, 0, 0, 0, 0, 0, 0, 0, 0, 0;
 0, 0, 0, 2, 8, 48, 474, 1447, 1, 0, 0, 0, 0, 0, 0, 0, 0, 0, 0, 0, 0, 0, 0, 0, 0, 0, 0, 0, 0, 0, 0;
 0, 0, 2, 35, 40, 26, 21, 12, 25, 16, 13, 17, 12, 21, 17, 18, 10, 12, 7, 12, 21, 48, 7, 15, 73, 53, 43, 140, 258, 518, 313;
 0, 7, 38, 34, 29, 25, 12, 28, 13, 8, 15, 17, 19, 14, 18, 10, 13, 11, 13, 15, 40, 14, 36, 38, 66, 71, 223, 578, 322, 185, 66;
 32, 36, 26, 31, 14, 18, 23, 13, 10, 14, 13, 26, 14, 10, 14, 14, 10, 11, 16, 43, 23, 34, 53, 83, 315, 535, 281, 142, 100, 42, 29;
 0, 1, 9, 11, 105, 1896, 3, 0, 0, 0, 0, 0, 0, 0, 0, 0, 0, 0, 0, 0, 0, 0, 0, 0, 0, 0, 0, 0, 0, 0, 0;
 0, 1, 4, 11, 27, 1649, 331, 2, 0, 0, 0, 0, 0, 0, 0, 0, 0, 0, 0, 0, 0, 0, 0, 0, 0, 0, 0, 0, 0, 0, 0;
 0, 0, 0, 2, 13, 26, 326, 1655, 3, 0, 0, 0, 0, 0, 0, 0, 0, 0, 0, 0, 0, 0, 0, 0, 0, 0, 0, 0, 0, 0, 0;
 0, 0, 4, 10, 55, 1909, 2, 0, 0, 0, 0, 0, 0, 0, 0, 0, 0, 0, 0, 0, 0, 0, 0, 0, 0, 0, 0, 0, 0, 0, 0;
 0, 0, 1, 6, 16, 1473, 484, 0, 0, 0, 0, 0, 0, 0, 0, 0, 0, 0, 0, 0, 0, 0, 0, 0, 0, 0, 0, 0, 0, 0, 0;
 0, 0, 0, 1, 8, 24, 600, 1347, 0, 0, 0, 0, 0, 0, 0, 0, 0, 0, 0, 0, 0, 0, 0, 0, 0, 0, 0, 0, 0, 0, 0;
 1, 0, 4, 17, 99, 1900, 4, 0, 0, 0, 0, 0, 0, 0, 0, 0, 0, 0, 0, 0, 0, 0, 0, 0, 0, 0, 0, 0, 0, 0, 0;
 0, 1, 2, 8, 23, 1624, 367, 0, 0, 0, 0, 0, 0, 0, 0, 0, 0, 0, 0, 0, 0, 0, 0, 0, 0, 0, 0, 0, 0, 0, 0;
 0, 0, 1, 0, 9, 20, 473, 1522, 0, 0, 0, 0, 0, 0, 0, 0, 0, 0, 0, 0, 0, 0, 0, 0, 0, 0, 0, 0, 0, 0, 0;
 1, 4, 3, 5, 3, 1, 2, 5, 0, 5, 33, 41, 13, 451, 983, 222, 22, 6, 10, 2, 4, 12, 8, 5, 6, 2, 20, 9, 9, 32, 70;
 0, 1, 0, 4, 4, 3, 3, 2, 2, 4, 1, 3, 35, 6, 37, 3, 7, 95, 1070, 499, 18, 11, 5, 4, 13, 5, 8, 6, 20, 11, 3;
 1, 5, 3, 5, 3, 2, 3, 2, 3, 37, 92, 733, 604, 231, 61, 12, 7, 6, 5, 5, 13, 5, 4, 6, 4, 16, 8, 15, 22, 59, 42;
 0, 0, 6, 11, 77, 1876, 10, 0, 0, 0, 0, 0, 0, 0, 0, 0, 0, 0, 0, 0, 0, 0, 0, 0, 0, 0, 0, 0, 0, 0, 0;
 0, 0, 2, 7, 15, 1627, 327, 2, 0, 0, 0, 0, 0, 0, 0, 0, 0, 0, 0, 0, 0, 0, 0, 0, 0, 0, 0, 0, 0, 0, 0;
 0, 0, 0, 3, 8, 22, 317, 1628, 2, 0, 0, 0, 0, 0, 0, 0, 0, 0, 0, 0, 0, 0, 0, 0, 0, 0, 0, 0, 0, 0, 0;
 2, 4, 4, 3, 3, 3, 1, 2, 5, 22, 15, 13, 39, 440, 1063, 148, 26, 2, 5, 6, 3, 7, 13, 2, 3, 14, 23, 7, 16, 31, 60;
 0, 0, 2, 5, 3, 2, 4, 2, 1, 2, 4, 3, 35, 3, 38, 3, 14, 115, 1045, 502, 16, 1, 5, 5, 13, 8, 2, 4, 21, 23, 5;
 0, 7, 3, 4, 4, 2, 1, 4, 2, 38, 65, 738, 606, 254, 55, 10, 3, 7, 4, 5, 11, 7, 1, 6, 11, 17, 16, 20, 31, 39, 47;
 0, 1, 7, 16, 100, 1898, 3, 0, 0, 0, 0, 0, 0, 0, 0, 0, 0, 0, 0, 0, 0, 0, 0, 0, 0, 0, 0, 0, 0, 0, 0;
 0, 0, 4, 9, 20, 1620, 372, 0, 0, 0, 0, 0, 0, 0, 0, 0, 0, 0, 0, 0, 0, 0, 0, 0, 0, 0, 0, 0, 0, 0, 0;
 0, 0, 0, 4, 11, 19, 439, 1552, 0, 0, 0, 0, 0, 0, 0, 0, 0, 0, 0, 0, 0, 0, 0, 0, 0, 0, 0, 0, 0, 0, 0;
 0, 0, 4, 11, 63, 1898, 4, 0, 0, 0, 0, 0, 0, 0, 0, 0, 0, 0, 0, 0, 0, 0, 0, 0, 0, 0, 0, 0, 0, 0, 0;
 0, 0, 1, 6, 19, 1189, 765, 0, 0, 0, 0, 0, 0, 0, 0, 0, 0, 0, 0, 0, 0, 0, 0, 0, 0, 0, 0, 0, 0, 0, 0;
 0, 0, 0, 2, 9, 36, 740, 1193, 0, 0, 0, 0, 0, 0, 0, 0, 0, 0, 0, 0, 0, 0, 0, 0, 0, 0, 0, 0, 0, 0, 0;
 0, 0, 7, 53, 70, 1885, 10, 0, 0, 0, 0, 0, 0, 0, 0, 0, 0, 0, 0, 0, 0, 0, 0, 0, 0, 0, 0, 0, 0, 0, 0;
 0, 0, 1, 13, 59, 1492, 460, 0, 0, 0, 0, 0, 0, 0, 0, 0, 0, 0, 0, 0, 0, 0, 0, 0, 0, 0, 0, 0, 0, 0, 0;
 0, 0, 0, 3, 11, 77, 431, 1503, 0, 0, 0, 0, 0, 0, 0, 0, 0, 0, 0, 0, 0, 0, 0, 0, 0, 0, 0, 0, 0, 0, 0;
 0, 0, 0, 2, 4, 2, 2, 1, 5, 1, 1, 1, 3, 2, 1, 3, 4, 68, 7, 5, 13, 44, 134, 227, 504, 629, 70, 15, 10, 13, 8;
 0, 0, 5, 5, 2, 4, 3, 2, 1, 1, 5, 4, 71, 7, 46, 1129, 332, 52, 16, 13, 15, 15, 5, 12, 11, 10, 9, 9, 9, 24, 82;
 12, 5, 24, 299, 611, 259, 156, 106, 124, 51, 27, 12, 10, 10, 9, 8, 7, 8, 17, 6, 5, 10, 5, 14, 24, 30, 52, 40, 41, 37, 6;
 0, 0, 2, 14, 62, 1894, 8, 0, 0, 0, 0, 0, 0, 0, 0, 0, 0, 0, 0, 0, 0, 0, 0, 0, 0, 0, 0, 0, 0, 0, 0;
 0, 0, 0, 7, 25, 1446, 502, 0, 0, 0, 0, 0, 0, 0, 0, 0, 0, 0, 0, 0, 0, 0, 0, 0, 0, 0, 0, 0, 0, 0, 0;
 0, 0, 0, 2, 11, 54, 358, 1555, 0, 0, 0, 0, 0, 0, 0, 0, 0, 0, 0, 0, 0, 0, 0, 0, 0, 0, 0, 0, 0, 0, 0;
 0, 0, 6, 17, 103, 1896, 3, 0, 0, 0, 0, 0, 0, 0, 0, 0, 0, 0, 0, 0, 0, 0, 0, 0, 0, 0, 0, 0, 0, 0, 0;
 0, 0, 2, 10, 64, 1490, 459, 0, 0, 0, 0, 0, 0, 0, 0, 0, 0, 0, 0, 0, 0, 0, 0, 0, 0, 0, 0, 0, 0, 0, 0;
 0, 0, 0, 1, 12, 78, 432, 1502, 0, 0, 0, 0, 0, 0, 0, 0, 0, 0, 0, 0, 0, 0, 0, 0, 0, 0, 0, 0, 0, 0, 0;
 0, 0, 6, 22, 82, 1914, 1, 0, 0, 0, 0, 0, 0, 0, 0, 0, 0, 0, 0, 0, 0, 0, 0, 0, 0, 0, 0, 0, 0, 0, 0;
 0, 0, 2, 10, 91, 1503, 419, 0, 0, 0, 0, 0, 0, 0, 0, 0, 0, 0, 0, 0, 0, 0, 0, 0, 0, 0, 0, 0, 0, 0, 0;
 0, 0, 0, 3, 12, 89, 446, 1475, 0, 0, 0, 0, 0, 0, 0, 0, 0, 0, 0, 0, 0, 0, 0, 0, 0, 0, 0, 0, 0, 0, 0;
 0, 1, 5, 10, 49, 1913, 2, 0, 0, 0, 0, 0, 0, 0, 0, 0, 0, 0, 0, 0, 0, 0, 0, 0, 0, 0, 0, 0, 0, 0, 0;
 0, 0, 2, 6, 48, 1344, 579, 1, 0, 0, 0, 0, 0, 0, 0, 0, 0, 0, 0, 0, 0, 0, 0, 0, 0, 0, 0, 0, 0, 0, 0;
 0, 0, 0, 2, 9, 44, 584, 1340, 1, 0, 0, 0, 0, 0, 0, 0, 0, 0, 0, 0, 0, 0, 0, 0, 0, 0, 0, 0, 0, 0, 0;
 62, 14, 43, 14, 3, 15, 8, 4, 1, 0, 3, 6, 14, 6, 13, 10, 18, 42, 16, 5, 5, 38, 40, 17, 13, 11, 64, 65, 136, 276, 568;
 68, 13, 44, 9, 4, 17, 6, 2, 1, 1, 1, 9, 13, 6, 15, 16, 27, 26, 14, 6, 5, 42, 38, 19, 12, 23, 66, 57, 175, 535, 370;
 74, 18, 38, 5, 7, 16, 5, 0, 1, 1, 6, 15, 5, 14, 6, 20, 30, 30, 4, 5, 12, 56, 27, 8, 11, 31, 92, 78, 321, 597, 324;
 2, 6, 8, 2, 37, 92, 1070, 437, 160, 26, 3, 5, 13, 7, 13, 4, 0, 0, 0, 0, 0, 0, 4, 8, 4, 0, 1, 10, 26, 40, 40;
 0, 0, 1, 5, 7, 5, 1, 10, 72, 4, 10, 257, 1421, 47, 4, 14, 4, 16, 6, 1, 0, 0, 0, 0, 0, 5, 9, 2, 0, 0, 5;
 0, 0, 0, 0, 0, 4, 4, 3, 5, 2, 5, 9, 33, 40, 8, 38, 115, 199, 507, 698, 184, 18, 13, 0, 0, 0, 0, 0, 0, 11, 2;
 0, 0, 3, 11, 98, 1858, 10, 0, 0, 0, 0, 0, 0, 0, 0, 0, 0, 0, 0, 0, 0, 0, 0, 0, 0, 0, 0, 0, 0, 0, 0;
 0, 0, 2, 8, 48, 1583, 338, 1, 0, 0, 0, 0, 0, 0, 0, 0, 0, 0, 0, 0, 0, 0, 0, 0, 0, 0, 0, 0, 0, 0, 0;
 0, 0, 1, 2, 7, 46, 437, 1482, 5, 0, 0, 0, 0, 0, 0, 0, 0, 0, 0, 0, 0, 0, 0, 0, 0, 0, 0, 0, 0, 0, 0;
 0, 0, 5, 23, 97, 1897, 3, 0, 0, 0, 0, 0, 0, 0, 0, 0, 0, 0, 0, 0, 0, 0, 0, 0, 0, 0, 0, 0, 0, 0, 0;
 0, 0, 0, 11, 58, 1603, 353, 0, 0, 0, 0, 0, 0, 0, 0, 0, 0, 0, 0, 0, 0, 0, 0, 0, 0, 0, 0, 0, 0, 0, 0;
 0, 0, 0, 3, 10, 59, 529, 1424, 0, 0, 0, 0, 0, 0, 0, 0, 0, 0, 0, 0, 0, 0, 0, 0, 0, 0, 0, 0, 0, 0, 0;
 0, 2, 5, 37, 76, 1899, 6, 0, 0, 0, 0, 0, 0, 0, 0, 0, 0, 0, 0, 0, 0, 0, 0, 0, 0, 0, 0, 0, 0, 0, 0;
 0, 0, 2, 11, 76, 1579, 356, 1, 0, 0, 0, 0, 0, 0, 0, 0, 0, 0, 0, 0, 0, 0, 0, 0, 0, 0, 0, 0, 0, 0, 0;
 0, 0, 0, 3, 18, 64, 488, 1452, 0, 0, 0, 0, 0, 0, 0, 0, 0, 0, 0, 0, 0, 0, 0, 0, 0, 0, 0, 0, 0, 0, 0;
 0, 0, 0, 1, 1, 3, 1, 0, 5, 2, 0, 1, 0, 1, 5, 24, 12, 2, 3, 2, 21, 73, 171, 215, 465, 571, 101, 15, 11, 4, 17;
 0, 1, 1, 4, 3, 3, 2, 0, 2, 3, 33, 4, 2, 2, 81, 1075, 375, 39, 11, 10, 19, 10, 9, 5, 6, 9, 5, 12, 19, 41, 65;
 11, 9, 55, 312, 514, 258, 148, 101, 117, 49, 46, 13, 14, 10, 16, 7, 5, 5, 3, 8, 6, 11, 14, 16, 15, 33, 37, 54, 38, 37, 14;
 0, 0, 7, 41, 80, 1889, 8, 0, 0, 0, 0, 0, 0, 0, 0, 0, 0, 0, 0, 0, 0, 0, 0, 0, 0, 0, 0, 0, 0, 0, 0;
 0, 0, 4, 12, 83, 1605, 321, 0, 0, 0, 0, 0, 0, 0, 0, 0, 0, 0, 0, 0, 0, 0, 0, 0, 0, 0, 0, 0, 0, 0, 0;
 0, 0, 0, 8, 12, 87, 474, 1444, 0, 0, 0, 0, 0, 0, 0, 0, 0, 0, 0, 0, 0, 0, 0, 0, 0, 0, 0, 0, 0, 0, 0;
 0, 0, 8, 12, 115, 1883, 7, 0, 0, 0, 0, 0, 0, 0, 0, 0, 0, 0, 0, 0, 0, 0, 0, 0, 0, 0, 0, 0, 0, 0, 0;
 0, 0, 2, 9, 56, 1310, 648, 0, 0, 0, 0, 0, 0, 0, 0, 0, 0, 0, 0, 0, 0, 0, 0, 0, 0, 0, 0, 0, 0, 0, 0;
 0, 0, 0, 3, 10, 56, 799, 1157, 0, 0, 0, 0, 0, 0, 0, 0, 0, 0, 0, 0, 0, 0, 0, 0, 0, 0, 0, 0, 0, 0, 0;
 0, 0, 5, 10, 68, 1889, 8, 0, 0, 0, 0, 0, 0, 0, 0, 0, 0, 0, 0, 0, 0, 0, 0, 0, 0, 0, 0, 0, 0, 0, 0;
 0, 0, 2, 6, 46, 1144, 781, 1, 0, 0, 0, 0, 0, 0, 0, 0, 0, 0, 0, 0, 0, 0, 0, 0, 0, 0, 0, 0, 0, 0, 0;
 0, 0, 0, 3, 8, 50, 836, 1083, 0, 0, 0, 0, 0, 0, 0, 0, 0, 0, 0, 0, 0, 0, 0, 0, 0, 0, 0, 0, 0, 0, 0;
 3, 5, 8, 4, 38, 117, 1005, 492, 148, 22, 7, 1, 13, 7, 5, 3, 0, 5, 4, 0, 1, 1, 0, 4, 5, 3, 4, 9, 27, 35, 47;
 0, 0, 4, 6, 4, 3, 5, 7, 72, 6, 10, 279, 1384, 65, 3, 13, 3, 8, 5, 1, 0, 5, 4, 1, 0, 1, 0, 3, 9, 1, 12;
 0, 0, 0, 0, 3, 4, 3, 2, 4, 2, 4, 8, 48, 28, 15, 47, 97, 216, 450, 726, 196, 21, 4, 1, 3, 2, 4, 0, 0, 2, 1;
 0, 0, 4, 20, 115, 1865, 21, 0, 0, 0, 0, 0, 0, 0, 0, 0, 0, 0, 0, 0, 0, 0, 0, 0, 0, 0, 0, 0, 0, 0, 0;
 0, 0, 2, 10, 62, 1476, 475, 0, 0, 0, 0, 0, 0, 0, 0, 0, 0, 0, 0, 0, 0, 0, 0, 0, 0, 0, 0, 0, 0, 0, 0;
 0, 0, 0, 3, 11, 59, 452, 1500, 0, 0, 0, 0, 0, 0, 0, 0, 0, 0, 0, 0, 0, 0, 0, 0, 0, 0, 0, 0, 0, 0, 0;
 0, 0, 5, 11, 67, 1891, 6, 0, 0, 0, 0, 0, 0, 0, 0, 0, 0, 0, 0, 0, 0, 0, 0, 0, 0, 0, 0, 0, 0, 0, 0;
 0, 0, 1, 8, 47, 1361, 563, 0, 0, 0, 0, 0, 0, 0, 0, 0, 0, 0, 0, 0, 0, 0, 0, 0, 0, 0, 0, 0, 0, 0, 0;
 0, 0, 0, 0, 9, 46, 571, 1354, 0, 0, 0, 0, 0, 0, 0, 0, 0, 0, 0, 0, 0, 0, 0, 0, 0, 0, 0, 0, 0, 0, 0;
 0, 1, 5, 20, 93, 1899, 7, 0, 0, 0, 0, 0, 0, 0, 0, 0, 0, 0, 0, 0, 0, 0, 0, 0, 0, 0, 0, 0, 0, 0, 0;
 0, 0, 1, 10, 95, 1397, 522, 0, 0, 0, 0, 0, 0, 0, 0, 0, 0, 0, 0, 0, 0, 0, 0, 0, 0, 0, 0, 0, 0, 0, 0;
 0, 0, 0, 2, 10, 92, 570, 1351, 0, 0, 0, 0, 0, 0, 0, 0, 0, 0, 0, 0, 0, 0, 0, 0, 0, 0, 0, 0, 0, 0, 0;
 0, 0, 0, 1, 3, 2, 1, 5, 3, 10, 33, 5, 14, 41, 184, 209, 461, 665, 66, 5, 1, 5, 4, 6, 14, 4, 5, 5, 9, 10, 19;
 0, 1, 5, 5, 50, 274, 1031, 278, 27, 11, 6, 6, 2, 7, 3, 6, 4, 3, 4, 9, 9, 3, 7, 11, 14, 8, 5, 13, 11, 30, 80;
 0, 1, 3, 4, 7, 59, 606, 688, 276, 33, 7, 7, 4, 6, 6, 3, 5, 4, 5, 9, 7, 3, 9, 11, 12, 5, 7, 9, 19, 47, 85;
 0, 0, 4, 6, 65, 1833, 28, 0, 0, 0, 0, 0, 0, 0, 0, 0, 0, 0, 0, 0, 0, 0, 0, 0, 0, 0, 0, 0, 0, 0, 0;
 0, 0, 1, 5, 9, 1568, 352, 1, 0, 0, 0, 0, 0, 0, 0, 0, 0, 0, 0, 0, 0, 0, 0, 0, 0, 0, 0, 0, 0, 0, 0;
 0, 0, 0, 1, 1, 9, 288, 1632, 5, 0, 0, 0, 0, 0, 0, 0, 0, 0, 0, 0, 0, 0, 0, 0, 0, 0, 0, 0, 0, 0, 0;
 55, 27, 13, 9, 9, 8, 10, 7, 11, 13, 10, 8, 6, 6, 6, 9, 7, 8, 4, 4, 12, 45, 12, 19, 16, 43, 49, 52, 164, 236, 598;
 64, 20, 15, 6, 12, 5, 13, 9, 6, 12, 12, 10, 5, 4, 7, 8, 10, 5, 4, 4, 14, 44, 20, 16, 15, 49, 49, 47, 194, 612, 299;
 69, 25, 9, 8, 10, 10, 6, 11, 11, 10, 8, 9, 5, 4, 10, 4, 11, 5, 3, 12, 10, 47, 21, 14, 32, 41, 48, 107, 319, 609, 344;
 0, 0, 4, 15, 40, 1911, 10, 0, 0, 0, 0, 0, 0, 0, 0, 0, 0, 0, 0, 0, 0, 0, 0, 0, 0, 0, 0, 0, 0, 0, 0;
 0, 0, 2, 12, 42, 1675, 249, 0, 0, 0, 0, 0, 0, 0, 0, 0, 0, 0, 0, 0, 0, 0, 0, 0, 0, 0, 0, 0, 0, 0, 0;
 0, 0, 0, 4, 9, 41, 364, 1562, 0, 0, 0, 0, 0, 0, 0, 0, 0, 0, 0, 0, 0, 0, 0, 0, 0, 0, 0, 0, 0, 0, 0;
 0, 0, 7, 27, 44, 52, 29, 14, 18, 18, 20, 14, 11, 5, 15, 13, 11, 13, 17, 19, 17, 19, 15, 23, 49, 48, 62, 150, 308, 445, 250;
 0, 14, 42, 33, 46, 31, 13, 19, 15, 24, 9, 6, 14, 15, 8, 18, 10, 20, 16, 19, 15, 13, 25, 74, 34, 88, 227, 504, 284, 171, 77;
 49, 33, 23, 50, 21, 16, 17, 25, 10, 7, 12, 12, 14, 12, 15, 13, 23, 15, 9, 21, 21, 25, 78, 59, 333, 443, 258, 121, 102, 68, 31;
 0, 0, 3, 10, 51, 1907, 9, 0, 0, 0, 0, 0, 0, 0, 0, 0, 0, 0, 0, 0, 0, 0, 0, 0, 0, 0, 0, 0, 0, 0, 0;
 0, 0, 2, 10, 30, 1609, 329, 0, 0, 0, 0, 0, 0, 0, 0, 0, 0, 0, 0, 0, 0, 0, 0, 0, 0, 0, 0, 0, 0, 0, 0;
 0, 0, 0, 2, 9, 21, 356, 1590, 2, 0, 0, 0, 0, 0, 0, 0, 0, 0, 0, 0, 0, 0, 0, 0, 0, 0, 0, 0, 0, 0, 0;
 2, 1, 3, 2, 1, 3, 2, 0, 3, 4, 37, 1, 6, 486, 965, 195, 32, 9, 6, 4, 8, 13, 4, 8, 13, 11, 7, 4, 6, 33, 98;
 0, 2, 0, 2, 3, 2, 0, 3, 2, 0, 3, 2, 36, 3, 1, 1, 13, 135, 1012, 516, 14, 7, 8, 10, 10, 8, 11, 10, 4, 7, 10;
 2, 2, 1, 4, 1, 3, 1, 1, 3, 34, 67, 637, 645, 249, 77, 19, 10, 6, 2, 16, 4, 12, 6, 8, 5, 10, 3, 9, 26, 71, 43;
 0, 0, 1, 7, 38, 1884, 6, 0, 0, 0, 0, 0, 0, 0, 0, 0, 0, 0, 0, 0, 0, 0, 0, 0, 0, 0, 0, 0, 0, 0, 0;
 0, 0, 0, 2, 16, 1466, 452, 0, 0, 0, 0, 0, 0, 0, 0, 0, 0, 0, 0, 0, 0, 0, 0, 0, 0, 0, 0, 0, 0, 0, 0;
 0, 0, 0, 0, 4, 13, 458, 1461, 0, 0, 0, 0, 0, 0, 0, 0, 0, 0, 0, 0, 0, 0, 0, 0, 0, 0, 0, 0, 0, 0, 0;
 1, 2, 1, 3, 2, 3, 1, 1, 2, 25, 16, 2, 12, 479, 1009, 159, 30, 4, 1, 2, 2, 17, 5, 8, 12, 10, 11, 4, 17, 38, 82;
 0, 0, 3, 0, 2, 3, 1, 2, 2, 1, 1, 1, 38, 4, 1, 1, 18, 138, 982, 540, 14, 1, 1, 15, 6, 9, 11, 4, 8, 13, 17;
 0, 3, 0, 5, 2, 2, 2, 1, 4, 40, 40, 715, 575, 264, 79, 17, 2, 3, 0, 17, 4, 9, 12, 3, 10, 11, 6, 8, 37, 56, 44;
 0, 0, 6, 9, 63, 1888, 14, 0, 0, 0, 0, 0, 0, 0, 0, 0, 0, 0, 0, 0, 0, 0, 0, 0, 0, 0, 0, 0, 0, 0, 0;
 0, 0, 1, 8, 25, 1605, 339, 2, 0, 0, 0, 0, 0, 0, 0, 0, 0, 0, 0, 0, 0, 0, 0, 0, 0, 0, 0, 0, 0, 0, 0;
 0, 0, 0, 2, 10, 30, 445, 1492, 1, 0, 0, 0, 0, 0, 0, 0, 0, 0, 0, 0, 0, 0, 0, 0, 0, 0, 0, 0, 0, 0, 0;
 0, 0, 0, 0, 2, 1, 1, 0, 0, 0, 1, 2, 1, 4, 0, 0, 0, 1, 3, 12, 35, 122, 151, 211, 424, 589, 62, 13, 8, 17, 16;
 0, 0, 2, 1, 1, 0, 0, 1, 3, 4, 0, 0, 0, 4, 76, 997, 451, 49, 11, 11, 7, 6, 3, 9, 12, 18, 8, 11, 18, 29, 83;
 3, 2, 23, 309, 474, 218, 156, 125, 101, 116, 55, 12, 7, 12, 5, 3, 5, 12, 14, 9, 13, 9, 10, 10, 22, 36, 38, 59, 35, 36, 6;
 0, 1, 1, 13, 69, 1886, 10, 0, 0, 0, 0, 0, 0, 0, 0, 0, 0, 0, 0, 0, 0, 0, 0, 0, 0, 0, 0, 0, 0, 0, 0;
 0, 0, 1, 7, 53, 1510, 407, 2, 0, 0, 0, 0, 0, 0, 0, 0, 0, 0, 0, 0, 0, 0, 0, 0, 0, 0, 0, 0, 0, 0, 0;
 0, 0, 0, 1, 29, 31, 414, 1502, 3, 0, 0, 0, 0, 0, 0, 0, 0, 0, 0, 0, 0, 0, 0, 0, 0, 0, 0, 0, 0, 0, 0;
 0, 0, 5, 11, 72, 1880, 12, 0, 0, 0, 0, 0, 0, 0, 0, 0, 0, 0, 0, 0, 0, 0, 0, 0, 0, 0, 0, 0, 0, 0, 0;
 0, 0, 1, 6, 18, 1411, 543, 1, 0, 0, 0, 0, 0, 0, 0, 0, 0, 0, 0, 0, 0, 0, 0, 0, 0, 0, 0, 0, 0, 0, 0;
 0, 0, 0, 1, 9, 17, 568, 1384, 1, 0, 0, 0, 0, 0, 0, 0, 0, 0, 0, 0, 0, 0, 0, 0, 0, 0, 0, 0, 0, 0, 0;
 0, 0, 1, 8, 34, 1877, 16, 0, 0, 0, 0, 0, 0, 0, 0, 0, 0, 0, 0, 0, 0, 0, 0, 0, 0, 0, 0, 0, 0, 0, 0;
 0, 0, 0, 3, 12, 1353, 566, 2, 0, 0, 0, 0, 0, 0, 0, 0, 0, 0, 0, 0, 0, 0, 0, 0, 0, 0, 0, 0, 0, 0, 0;
 0, 0, 0, 0, 3, 14, 533, 1384, 2, 0, 0, 0, 0, 0, 0, 0, 0, 0, 0, 0, 0, 0, 0, 0, 0, 0, 0, 0, 0, 0, 0;
 0, 0, 0, 1, 1, 3, 2, 2, 3, 13, 31, 6, 7, 62, 170, 173, 454, 715, 60, 6, 6, 1, 2, 9, 14, 13, 4, 4, 6, 4, 8;
 0, 0, 5, 6, 31, 338, 1039, 244, 14, 10, 7, 4, 2, 2, 7, 5, 1, 4, 8, 15, 7, 8, 3, 2, 3, 8, 10, 16, 16, 36, 75;
 0, 0, 1, 6, 7, 54, 600, 763, 237, 14, 10, 5, 1, 6, 2, 4, 5, 3, 4, 18, 10, 5, 1, 5, 5, 7, 5, 18, 20, 38, 84;
 0, 2, 5, 35, 91, 1885, 7, 0, 0, 0, 0, 0, 0, 0, 0, 0, 0, 0, 0, 0, 0, 0, 0, 0, 0, 0, 0, 0, 0, 0, 0;
 0, 0, 3, 7, 67, 1307, 641, 0, 0, 0, 0, 0, 0, 0, 0, 0, 0, 0, 0, 0, 0, 0, 0, 0, 0, 0, 0, 0, 0, 0, 0;
 0, 0, 1, 4, 21, 77, 678, 1240, 4, 0, 0, 0, 0, 0, 0, 0, 0, 0, 0, 0, 0, 0, 0, 0, 0, 0, 0, 0, 0, 0, 0;
 2, 3, 4, 2, 5, 65, 1090, 483, 118, 25, 3, 2, 2, 2, 3, 3, 15, 5, 0, 2, 1, 1, 0, 0, 3, 5, 9, 12, 30, 30, 35;
 0, 0, 1, 5, 3, 1, 2, 4, 11, 33, 11, 264, 1429, 36, 1, 2, 2, 2, 4, 8, 12, 2, 0, 0, 1, 1, 0, 4, 3, 7, 19;
 0, 0, 0, 0, 0, 0, 3, 5, 2, 0, 2, 1, 12, 33, 15, 37, 124, 201, 417, 779, 170, 6, 8, 8, 8, 2, 0, 0, 0, 3, 3;
 94, 25, 14, 16, 11, 7, 6, 21, 9, 8, 9, 13, 8, 14, 25, 9, 4, 8, 8, 6, 17, 40, 14, 20, 34, 56, 57, 35, 125, 316, 552;
 100, 23, 15, 17, 6, 6, 9, 14, 16, 8, 7, 10, 15, 14, 23, 8, 2, 11, 9, 7, 8, 47, 16, 28, 28, 63, 50, 47, 204, 538, 352;
 114, 15, 17, 12, 6, 7, 9, 20, 9, 11, 7, 10, 13, 22, 12, 7, 8, 10, 7, 6, 12, 49, 18, 32, 36, 60, 41, 105, 295, 605, 289;
 0, 0, 8, 19, 94, 1898, 6, 0, 0, 0, 0, 0, 0, 0, 0, 0, 0, 0, 0, 0, 0, 0, 0, 0, 0, 0, 0, 0, 0, 0, 0;
 0, 0, 0, 16, 49, 1685, 275, 0, 0, 0, 0, 0, 0, 0, 0, 0, 0, 0, 0, 0, 0, 0, 0, 0, 0, 0, 0, 0, 0, 0, 0;
 0, 0, 0, 1, 14, 52, 406, 1551, 1, 0, 0, 0, 0, 0, 0, 0, 0, 0, 0, 0, 0, 0, 0, 0, 0, 0, 0, 0, 0, 0, 0;
 76, 13, 12, 9, 14, 21, 22, 7, 3, 5, 4, 1, 2, 3, 1, 1, 3, 12, 25, 5, 8, 13, 24, 8, 31, 65, 53, 51, 90, 288, 553;
 85, 8, 9, 17, 7, 37, 7, 5, 5, 5, 1, 1, 3, 2, 1, 2, 3, 22, 15, 7, 7, 13, 24, 19, 66, 44, 28, 68, 170, 505, 337;
 89, 10, 4, 20, 11, 33, 5, 6, 3, 5, 1, 2, 2, 2, 0, 3, 7, 20, 15, 6, 12, 18, 15, 30, 56, 49, 27, 93, 297, 572, 449;
 5, 6, 5, 7, 2, 81, 1183, 385, 137, 22, 7, 6, 6, 2, 4, 8, 11, 7, 3, 0, 3, 5, 5, 3, 0, 0, 1, 8, 31, 29, 42;
 0, 1, 1, 5, 8, 2, 6, 2, 6, 75, 10, 220, 1456, 42, 10, 4, 5, 0, 2, 20, 12, 0, 0, 0, 3, 7, 6, 0, 0, 1, 10;
 0, 0, 0, 0, 1, 4, 4, 4, 3, 4, 4, 1, 17, 56, 21, 46, 93, 188, 481, 767, 154, 5, 17, 7, 8, 3, 0, 0, 8, 5, 0;
 0, 0, 8, 15, 132, 1852, 17, 1, 0, 0, 0, 0, 0, 0, 0, 0, 0, 0, 0, 0, 0, 0, 0, 0, 0, 0, 0, 0, 0, 0, 0;
 0, 0, 1, 17, 38, 1276, 692, 1, 0, 0, 0, 0, 0, 0, 0, 0, 0, 0, 0, 0, 0, 0, 0, 0, 0, 0, 0, 0, 0, 0, 0;
 0, 0, 0, 6, 15, 67, 716, 1221, 0, 0, 0, 0, 0, 0, 0, 0, 0, 0, 0, 0, 0, 0, 0, 0, 0, 0, 0, 0, 0, 0, 0;
 0, 0, 2, 17, 60, 1898, 3, 0, 0, 0, 0, 0, 0, 0, 0, 0, 0, 0, 0, 0, 0, 0, 0, 0, 0, 0, 0, 0, 0, 0, 0;
 0, 0, 0, 8, 19, 1569, 384, 0, 0, 0, 0, 0, 0, 0, 0, 0, 0, 0, 0, 0, 0, 0, 0, 0, 0, 0, 0, 0, 0, 0, 0;
 0, 0, 0, 0, 9, 26, 495, 1450, 0, 0, 0, 0, 0, 0, 0, 0, 0, 0, 0, 0, 0, 0, 0, 0, 0, 0, 0, 0, 0, 0, 0;
 0, 0, 9, 15, 105, 1890, 6, 0, 0, 0, 0, 0, 0, 0, 0, 0, 0, 0, 0, 0, 0, 0, 0, 0, 0, 0, 0, 0, 0, 0, 0;
 0, 0, 2, 11, 23, 1127, 862, 0, 0, 0, 0, 0, 0, 0, 0, 0, 0, 0, 0, 0, 0, 0, 0, 0, 0, 0, 0, 0, 0, 0, 0;
 0, 0, 0, 3, 15, 91, 932, 984, 0, 0, 0, 0, 0, 0, 0, 0, 0, 0, 0, 0, 0, 0, 0, 0, 0, 0, 0, 0, 0, 0, 0;
 3, 6, 8, 3, 4, 130, 1027, 478, 144, 22, 11, 12, 5, 3, 4, 10, 8, 5, 2, 1, 10, 5, 2, 0, 0, 1, 5, 16, 21, 30, 42;
 0, 1, 5, 2, 6, 3, 5, 2, 10, 71, 14, 286, 1379, 43, 9, 11, 8, 2, 4, 15, 6, 3, 2, 7, 3, 4, 1, 1, 0, 3, 17;
 0, 0, 1, 0, 3, 2, 3, 4, 2, 2, 5, 3, 8, 63, 18, 27, 117, 223, 410, 770, 188, 8, 12, 13, 2, 3, 5, 1, 5, 2, 7;
 0, 0, 4, 11, 69, 1878, 18, 0, 0, 0, 0, 0, 0, 0, 0, 0, 0, 0, 0, 0, 0, 0, 0, 0, 0, 0, 0, 0, 0, 0, 0;
 0, 0, 2, 5, 23, 1443, 506, 1, 0, 0, 0, 0, 0, 0, 0, 0, 0, 0, 0, 0, 0, 0, 0, 0, 0, 0, 0, 0, 0, 0, 0;
 0, 0, 0, 2, 10, 52, 367, 1548, 1, 0, 0, 0, 0, 0, 0, 0, 0, 0, 0, 0, 0, 0, 0, 0, 0, 0, 0, 0, 0, 0, 0;
 0, 0, 6, 54, 71, 1883, 11, 0, 0, 0, 0, 0, 0, 0, 0, 0, 0, 0, 0, 0, 0, 0, 0, 0, 0, 0, 0, 0, 0, 0, 0;
 0, 0, 1, 10, 63, 1457, 493, 1, 0, 0, 0, 0, 0, 0, 0, 0, 0, 0, 0, 0, 0, 0, 0, 0, 0, 0, 0, 0, 0, 0, 0;
 0, 0, 0, 2, 10, 77, 562, 1374, 0, 0, 0, 0, 0, 0, 0, 0, 0, 0, 0, 0, 0, 0, 0, 0, 0, 0, 0, 0, 0, 0, 0;
 0, 0, 6, 21, 105, 1880, 13, 0, 0, 0, 0, 0, 0, 0, 0, 0, 0, 0, 0, 0, 0, 0, 0, 0, 0, 0, 0, 0, 0, 0, 0;
 0, 0, 1, 12, 33, 1431, 548, 0, 0, 0, 0, 0, 0, 0, 0, 0, 0, 0, 0, 0, 0, 0, 0, 0, 0, 0, 0, 0, 0, 0, 0;
 0, 0, 0, 0, 15, 46, 581, 1383, 0, 0, 0, 0, 0, 0, 0, 0, 0, 0, 0, 0, 0, 0, 0, 0, 0, 0, 0, 0, 0, 0, 0;
 0, 5, 3, 5, 5, 89, 1026, 473, 160, 30, 5, 2, 2, 0, 3, 10, 10, 3, 2, 0, 1, 2, 1, 2, 2, 1, 3, 14, 23, 37, 51;
 0, 0, 1, 5, 1, 4, 3, 2, 8, 38, 8, 287, 1410, 34, 0, 2, 3, 1, 1, 12, 12, 1, 0, 0, 1, 3, 1, 4, 1, 8, 21;
 0, 0, 0, 0, 0, 2, 2, 2, 1, 4, 1, 3, 5, 33, 19, 31, 151, 190, 416, 784, 162, 6, 8, 5, 7, 1, 0, 0, 1, 6, 9;
 0, 0, 4, 25, 110, 1872, 14, 0, 0, 0, 0, 0, 0, 0, 0, 0, 0, 0, 0, 0, 0, 0, 0, 0, 0, 0, 0, 0, 0, 0, 0;
 0, 0, 1, 14, 66, 1315, 629, 0, 0, 0, 0, 0, 0, 0, 0, 0, 0, 0, 0, 0, 0, 0, 0, 0, 0, 0, 0, 0, 0, 0, 0;
 0, 0, 0, 0, 16, 95, 681, 1233, 0, 0, 0, 0, 0, 0, 0, 0, 0, 0, 0, 0, 0, 0, 0, 0, 0, 0, 0, 0, 0, 0, 0;
 0, 0, 8, 18, 89, 1910, 0, 0, 0, 0, 0, 0, 0, 0, 0, 0, 0, 0, 0, 0, 0, 0, 0, 0, 0, 0, 0, 0, 0, 0, 0;
 0, 0, 1, 12, 91, 1466, 455, 0, 0, 0, 0, 0, 0, 0, 0, 0, 0, 0, 0, 0, 0, 0, 0, 0, 0, 0, 0, 0, 0, 0, 0;
 0, 0, 0, 2, 16, 86, 435, 1486, 0, 0, 0, 0, 0, 0, 0, 0, 0, 0, 0, 0, 0, 0, 0, 0, 0, 0, 0, 0, 0, 0, 0;
 0, 0, 4, 7, 50, 1919, 0, 0, 0, 0, 0, 0, 0, 0, 0, 0, 0, 0, 0, 0, 0, 0, 0, 0, 0, 0, 0, 0, 0, 0, 0;
 0, 0, 1, 5, 49, 1332, 593, 0, 0, 0, 0, 0, 0, 0, 0, 0, 0, 0, 0, 0, 0, 0, 0, 0, 0, 0, 0, 0, 0, 0, 0;
 0, 0, 0, 0, 7, 49, 571, 1353, 0, 0, 0, 0, 0, 0, 0, 0, 0, 0, 0, 0, 0, 0, 0, 0, 0, 0, 0, 0, 0, 0, 0;
 0, 6, 47, 51, 20, 26, 15, 16, 11, 8, 8, 4, 13, 19, 8, 13, 10, 5, 8, 10, 39, 59, 16, 13, 57, 67, 213, 532, 376, 260, 60;
 0, 2, 42, 54, 23, 26, 15, 11, 18, 8, 8, 4, 12, 18, 10, 12, 12, 5, 7, 9, 32, 61, 19, 13, 55, 63, 192, 366, 464, 348, 72;
 5, 46, 51, 20, 26, 15, 19, 9, 8, 7, 6, 12, 19, 7, 13, 9, 7, 6, 12, 18, 65, 28, 12, 43, 64, 229, 618, 399, 164, 52, 33;
 37, 2, 11, 20, 7, 23, 20, 9, 6, 8, 2, 2, 1, 3, 6, 4, 5, 13, 14, 47, 12, 19, 36, 30, 18, 11, 38, 112, 108, 242, 612;
 38, 1, 17, 15, 7, 26, 19, 7, 9, 4, 2, 2, 1, 6, 3, 5, 5, 14, 15, 45, 14, 22, 33, 34, 11, 13, 40, 129, 134, 581, 324;
 39, 0, 25, 7, 12, 36, 9, 7, 6, 3, 2, 2, 2, 5, 4, 4, 9, 14, 20, 41, 19, 30, 29, 29, 4, 16, 74, 119, 270, 631, 456;
 0, 6, 27, 23, 30, 28, 16, 14, 16, 9, 6, 9, 14, 18, 10, 9, 7, 9, 4, 13, 31, 33, 13, 46, 20, 61, 238, 516, 367, 313, 47;
 0, 3, 20, 29, 31, 27, 17, 17, 13, 11, 4, 9, 14, 16, 14, 8, 8, 7, 7, 12, 29, 33, 13, 46, 17, 54, 179, 387, 480, 385, 65;
 2, 23, 27, 25, 30, 21, 16, 14, 8, 8, 6, 14, 20, 10, 9, 7, 11, 4, 10, 17, 40, 20, 13, 50, 54, 259, 587, 393, 209, 40, 20;
 0, 0, 8, 18, 107, 1883, 9, 0, 0, 0, 0, 0, 0, 0, 0, 0, 0, 0, 0, 0, 0, 0, 0, 0, 0, 0, 0, 0, 0, 0, 0;
 0, 0, 3, 10, 58, 1529, 425, 0, 0, 0, 0, 0, 0, 0, 0, 0, 0, 0, 0, 0, 0, 0, 0, 0, 0, 0, 0, 0, 0, 0, 0;
 0, 0, 0, 4, 10, 85, 321, 1604, 1, 0, 0, 0, 0, 0, 0, 0, 0, 0, 0, 0, 0, 0, 0, 0, 0, 0, 0, 0, 0, 0, 0;
 0, 0, 6, 19, 104, 1893, 3, 0, 0, 0, 0, 0, 0, 0, 0, 0, 0, 0, 0, 0, 0, 0, 0, 0, 0, 0, 0, 0, 0, 0, 0;
 0, 0, 1, 11, 75, 1492, 446, 0, 0, 0, 0, 0, 0, 0, 0, 0, 0, 0, 0, 0, 0, 0, 0, 0, 0, 0, 0, 0, 0, 0, 0;
 0, 0, 0, 2, 11, 75, 456, 1481, 0, 0, 0, 0, 0, 0, 0, 0, 0, 0, 0, 0, 0, 0, 0, 0, 0, 0, 0, 0, 0, 0, 0;
 0, 0, 2, 17, 67, 1889, 5, 0, 0, 0, 0, 0, 0, 0, 0, 0, 0, 0, 0, 0, 0, 0, 0, 0, 0, 0, 0, 0, 0, 0, 0;
 0, 0, 0, 6, 55, 1484, 435, 0, 0, 0, 0, 0, 0, 0, 0, 0, 0, 0, 0, 0, 0, 0, 0, 0, 0, 0, 0, 0, 0, 0, 0;
 0, 0, 0, 0, 8, 58, 453, 1461, 0, 0, 0, 0, 0, 0, 0, 0, 0, 0, 0, 0, 0, 0, 0, 0, 0, 0, 0, 0, 0, 0, 0;
 0, 0, 7, 18, 103, 1889, 8, 0, 0, 0, 0, 0, 0, 0, 0, 0, 0, 0, 0, 0, 0, 0, 0, 0, 0, 0, 0, 0, 0, 0, 0;
 0, 0, 1, 12, 62, 1325, 625, 0, 0, 0, 0, 0, 0, 0, 0, 0, 0, 0, 0, 0, 0, 0, 0, 0, 0, 0, 0, 0, 0, 0, 0;
 0, 0, 0, 2, 10, 94, 629, 1290, 0, 0, 0, 0, 0, 0, 0, 0, 0, 0, 0, 0, 0, 0, 0, 0, 0, 0, 0, 0, 0, 0, 0;
 0, 0, 8, 17, 103, 1891, 6, 0, 0, 0, 0, 0, 0, 0, 0, 0, 0, 0, 0, 0, 0, 0, 0, 0, 0, 0, 0, 0, 0, 0, 0;
 0, 0, 2, 11, 57, 1317, 638, 0, 0, 0, 0, 0, 0, 0, 0, 0, 0, 0, 0, 0, 0, 0, 0, 0, 0, 0, 0, 0, 0, 0, 0;
 0, 0, 0, 2, 10, 89, 612, 1312, 0, 0, 0, 0, 0, 0, 0, 0, 0, 0, 0, 0, 0, 0, 0, 0, 0, 0, 0, 0, 0, 0, 0;
 0, 8, 26, 21, 18, 33, 4, 15, 15, 12, 23, 4, 3, 8, 15, 12, 13, 7, 9, 5, 26, 16, 10, 28, 42, 97, 174, 551, 448, 231, 62;
 0, 0, 24, 27, 19, 33, 6, 11, 9, 15, 27, 7, 3, 7, 13, 16, 12, 7, 7, 7, 24, 13, 11, 19, 51, 62, 179, 378, 554, 302, 92;
 7, 28, 19, 13, 37, 7, 11, 17, 11, 25, 3, 4, 9, 14, 11, 14, 5, 8, 7, 7, 33, 12, 26, 42, 57, 206, 666, 409, 175, 52, 33;
 0, 0, 7, 22, 104, 1885, 7, 0, 0, 0, 0, 0, 0, 0, 0, 0, 0, 0, 0, 0, 0, 0, 0, 0, 0, 0, 0, 0, 0, 0, 0;
 0, 0, 1, 13, 61, 1166, 784, 0, 0, 0, 0, 0, 0, 0, 0, 0, 0, 0, 0, 0, 0, 0, 0, 0, 0, 0, 0, 0, 0, 0, 0;
 0, 0, 0, 1, 16, 95, 829, 1084, 0, 0, 0, 0, 0, 0, 0, 0, 0, 0, 0, 0, 0, 0, 0, 0, 0, 0, 0, 0, 0, 0, 0;
 1, 7, 3, 1, 4, 1, 4, 2, 2, 24, 19, 36, 8, 464, 1052, 119, 36, 21, 28, 6, 6, 3, 3, 7, 1, 1, 2, 3, 2, 23, 77;
 0, 1, 4, 3, 3, 1, 3, 3, 1, 2, 3, 0, 38, 7, 36, 3, 8, 106, 1010, 547, 30, 28, 6, 3, 2, 5, 4, 3, 2, 0, 6;
 0, 6, 3, 5, 2, 2, 3, 3, 7, 36, 83, 767, 546, 215, 89, 25, 24, 18, 7, 3, 2, 4, 4, 3, 3, 1, 3, 6, 24, 61, 55;
 0, 0, 4, 11, 75, 1884, 6, 0, 0, 0, 0, 0, 0, 0, 0, 0, 0, 0, 0, 0, 0, 0, 0, 0, 0, 0, 0, 0, 0, 0, 0;
 0, 0, 0, 10, 53, 1231, 686, 0, 0, 0, 0, 0, 0, 0, 0, 0, 0, 0, 0, 0, 0, 0, 0, 0, 0, 0, 0, 0, 0, 0, 0;
 0, 0, 0, 0, 11, 53, 593, 1322, 1, 0, 0, 0, 0, 0, 0, 0, 0, 0, 0, 0, 0, 0, 0, 0, 0, 0, 0, 0, 0, 0, 0;
 0, 0, 9, 20, 103, 1890, 3, 0, 0, 0, 0, 0, 0, 0, 0, 0, 0, 0, 0, 0, 0, 0, 0, 0, 0, 0, 0, 0, 0, 0, 0;
 0, 0, 0, 15, 94, 1336, 580, 0, 0, 0, 0, 0, 0, 0, 0, 0, 0, 0, 0, 0, 0, 0, 0, 0, 0, 0, 0, 0, 0, 0, 0;
 0, 0, 0, 2, 15, 90, 565, 1352, 1, 0, 0, 0, 0, 0, 0, 0, 0, 0, 0, 0, 0, 0, 0, 0, 0, 0, 0, 0, 0, 0, 0;
 0, 2, 3, 3, 0, 6, 2, 2, 26, 12, 2, 0, 7, 426, 1058, 186, 14, 2, 2, 2, 24, 3, 13, 5, 3, 6, 9, 6, 12, 32, 98;
 0, 0, 0, 2, 3, 3, 0, 4, 4, 1, 1, 37, 3, 0, 0, 4, 11, 166, 939, 566, 8, 1, 4, 19, 12, 9, 4, 3, 8, 8, 5;
 0, 0, 4, 3, 1, 6, 2, 2, 36, 5, 60, 664, 619, 248, 84, 15, 3, 2, 3, 15, 12, 7, 7, 7, 6, 6, 13, 8, 26, 69, 40;
 0, 0, 1, 7, 49, 1860, 19, 0, 0, 0, 0, 0, 0, 0, 0, 0, 0, 0, 0, 0, 0, 0, 0, 0, 0, 0, 0, 0, 0, 0, 0;
 0, 0, 2, 4, 6, 1522, 402, 0, 0, 0, 0, 0, 0, 0, 0, 0, 0, 0, 0, 0, 0, 0, 0, 0, 0, 0, 0, 0, 0, 0, 0;
 0, 0, 0, 0, 5, 7, 320, 1604, 0, 0, 0, 0, 0, 0, 0, 0, 0, 0, 0, 0, 0, 0, 0, 0, 0, 0, 0, 0, 0, 0, 0;
 0, 1, 5, 6, 57, 1902, 9, 0, 0, 0, 0, 0, 0, 0, 0, 0, 0, 0, 0, 0, 0, 0, 0, 0, 0, 0, 0, 0, 0, 0, 0;
 0, 0, 3, 5, 13, 787, 1172, 0, 0, 0, 0, 0, 0, 0, 0, 0, 0, 0, 0, 0, 0, 0, 0, 0, 0, 0, 0, 0, 0, 0, 0;
 0, 0, 0, 1, 10, 13, 1303, 652, 1, 0, 0, 0, 0, 0, 0, 0, 0, 0, 0, 0, 0, 0, 0, 0, 0, 0, 0, 0, 0, 0, 0;
 0, 0, 0, 10, 22, 27, 16, 11, 24, 27, 8, 4, 5, 4, 3, 5, 11, 11, 43, 12, 16, 15, 26, 19, 24, 36, 97, 88, 325, 482, 342;
 0, 1, 24, 12, 30, 11, 14, 34, 16, 5, 5, 5, 2, 5, 6, 11, 8, 23, 34, 15, 26, 19, 16, 23, 36, 117, 204, 570, 297, 211, 130;
 23, 14, 25, 14, 11, 35, 14, 11, 2, 3, 6, 6, 8, 8, 9, 11, 8, 49, 27, 20, 11, 14, 28, 33, 347, 531, 295, 152, 134, 103, 28;
 108, 25, 25, 6, 15, 7, 10, 6, 3, 6, 9, 8, 7, 5, 9, 3, 8, 7, 7, 6, 13, 9, 16, 33, 63, 36, 26, 54, 140, 302, 531;
 116, 24, 19, 8, 15, 8, 8, 6, 2, 7, 11, 7, 6, 8, 4, 7, 6, 7, 8, 7, 9, 11, 21, 32, 61, 36, 28, 65, 185, 533, 340;
 127, 24, 13, 15, 7, 10, 6, 3, 6, 7, 8, 8, 6, 7, 4, 8, 5, 9, 7, 11, 10, 8, 28, 34, 65, 26, 42, 87, 318, 574, 312;
 0, 1, 2, 8, 73, 1883, 13, 0, 0, 0, 0, 0, 0, 0, 0, 0, 0, 0, 0, 0, 0, 0, 0, 0, 0, 0, 0, 0, 0, 0, 0;
 0, 0, 3, 6, 39, 1560, 372, 0, 0, 0, 0, 0, 0, 0, 0, 0, 0, 0, 0, 0, 0, 0, 0, 0, 0, 0, 0, 0, 0, 0, 0;
 0, 0, 1, 2, 6, 46, 396, 1529, 0, 0, 0, 0, 0, 0, 0, 0, 0, 0, 0, 0, 0, 0, 0, 0, 0, 0, 0, 0, 0, 0, 0;
 0, 0, 3, 6, 67, 1902, 2, 0, 0, 0, 0, 0, 0, 0, 0, 0, 0, 0, 0, 0, 0, 0, 0, 0, 0, 0, 0, 0, 0, 0, 0;
 0, 0, 1, 6, 34, 1541, 398, 0, 0, 0, 0, 0, 0, 0, 0, 0, 0, 0, 0, 0, 0, 0, 0, 0, 0, 0, 0, 0, 0, 0, 0;
 0, 0, 0, 1, 7, 47, 470, 1455, 0, 0, 0, 0, 0, 0, 0, 0, 0, 0, 0, 0, 0, 0, 0, 0, 0, 0, 0, 0, 0, 0, 0;
 67, 21, 16, 13, 4, 6, 11, 20, 5, 11, 21, 11, 6, 1, 1, 8, 8, 3, 5, 5, 5, 20, 13, 16, 21, 67, 34, 78, 95, 311, 588;
 78, 16, 14, 10, 4, 11, 9, 16, 7, 14, 20, 10, 3, 1, 3, 10, 5, 2, 7, 4, 8, 21, 11, 23, 16, 80, 26, 82, 160, 559, 349;
 88, 13, 15, 5, 6, 12, 10, 14, 10, 18, 14, 5, 3, 0, 6, 9, 5, 3, 4, 7, 18, 14, 8, 27, 51, 48, 26, 117, 344, 560, 352;
 0, 0, 3, 14, 63, 1890, 10, 0, 0, 0, 0, 0, 0, 0, 0, 0, 0, 0, 0, 0, 0, 0, 0, 0, 0, 0, 0, 0, 0, 0, 0;
 0, 0, 1, 8, 18, 1519, 434, 0, 0, 0, 0, 0, 0, 0, 0, 0, 0, 0, 0, 0, 0, 0, 0, 0, 0, 0, 0, 0, 0, 0, 0;
 0, 0, 0, 3, 11, 47, 402, 1517, 0, 0, 0, 0, 0, 0, 0, 0, 0, 0, 0, 0, 0, 0, 0, 0, 0, 0, 0, 0, 0, 0, 0;
 92, 27, 25, 14, 14, 11, 12, 12, 8, 3, 6, 11, 6, 7, 5, 4, 8, 6, 10, 13, 46, 14, 18, 16, 36, 41, 54, 85, 143, 235, 566;
 103, 22, 24, 14, 10, 12, 16, 7, 8, 3, 11, 7, 6, 6, 5, 6, 6, 8, 12, 43, 14, 15, 16, 29, 24, 40, 58, 89, 143, 567, 302;
 113, 29, 13, 14, 9, 13, 14, 10, 3, 6, 10, 5, 6, 8, 2, 9, 7, 10, 9, 46, 13, 14, 18, 37, 24, 32, 87, 75, 294, 604, 314;
 83, 31, 17, 14, 16, 14, 8, 10, 3, 5, 6, 8, 4, 8, 5, 14, 8, 9, 11, 10, 5, 15, 16, 15, 15, 64, 26, 74, 99, 280, 611;
 92, 27, 15, 13, 18, 10, 11, 8, 3, 6, 5, 8, 4, 9, 9, 9, 9, 10, 10, 11, 7, 13, 19, 16, 12, 64, 31, 73, 167, 533, 360;
 107, 16, 21, 15, 14, 7, 10, 5, 5, 6, 5, 7, 9, 5, 13, 8, 8, 10, 12, 5, 13, 13, 18, 16, 55, 25, 41, 86, 330, 603, 295;
 0, 0, 8, 39, 43, 33, 24, 18, 10, 12, 17, 5, 11, 9, 9, 10, 12, 12, 8, 14, 9, 10, 51, 14, 75, 38, 61, 154, 241, 491, 304;
 0, 12, 50, 35, 32, 24, 16, 13, 11, 16, 9, 7, 7, 9, 18, 12, 6, 9, 11, 10, 10, 51, 21, 68, 38, 99, 197, 567, 282, 196, 82;
 44, 41, 30, 28, 18, 16, 13, 13, 9, 12, 7, 9, 15, 16, 5, 9, 8, 11, 11, 28, 36, 23, 61, 63, 327, 528, 240, 147, 99, 79, 34;
 86, 20, 9, 4, 6, 17, 7, 14, 9, 20, 11, 9, 20, 5, 5, 9, 6, 5, 5, 9, 41, 7, 9, 7, 12, 31, 34, 126, 130, 259, 633;
 97, 11, 10, 2, 11, 14, 12, 8, 9, 13, 16, 15, 16, 5, 5, 9, 5, 6, 5, 10, 41, 8, 5, 11, 12, 35, 57, 113, 150, 663, 269;
 104, 10, 4, 6, 17, 7, 12, 7, 13, 15, 15, 19, 8, 2, 11, 4, 7, 5, 8, 17, 30, 9, 4, 15, 24, 28, 90, 92, 263, 721, 291;
 0, 0, 0, 8, 36, 1890, 2, 0, 0, 0, 0, 0, 0, 0, 0, 0, 0, 0, 0, 0, 0, 0, 0, 0, 0, 0, 0, 0, 0, 0, 0;
 0, 0, 0, 4, 8, 1010, 914, 0, 0, 0, 0, 0, 0, 0, 0, 0, 0, 0, 0, 0, 0, 0, 0, 0, 0, 0, 0, 0, 0, 0, 0;
 0, 0, 0, 0, 4, 12, 968, 952, 0, 0, 0, 0, 0, 0, 0, 0, 0, 0, 0, 0, 0, 0, 0, 0, 0, 0, 0, 0, 0, 0, 0;
 0, 6, 30, 31, 31, 24, 30, 15, 15, 16, 16, 13, 14, 8, 16, 15, 13, 19, 12, 22, 11, 27, 45, 55, 42, 66, 178, 533, 335, 262, 43;
 0, 4, 22, 34, 35, 23, 26, 19, 17, 13, 17, 15, 14, 9, 11, 19, 11, 17, 17, 18, 14, 25, 44, 55, 39, 46, 170, 385, 459, 309, 51;
 5, 29, 27, 31, 25, 27, 18, 17, 18, 14, 13, 12, 10, 20, 14, 9, 24, 9, 20, 15, 11, 51, 56, 43, 35, 202, 593, 394, 143, 45, 31;
 0, 0, 8, 18, 87, 1912, 0, 0, 0, 0, 0, 0, 0, 0, 0, 0, 0, 0, 0, 0, 0, 0, 0, 0, 0, 0, 0, 0, 0, 0, 0;
 0, 0, 1, 12, 92, 1458, 462, 0, 0, 0, 0, 0, 0, 0, 0, 0, 0, 0, 0, 0, 0, 0, 0, 0, 0, 0, 0, 0, 0, 0, 0;
 0, 0, 0, 2, 13, 89, 428, 1493, 0, 0, 0, 0, 0, 0, 0, 0, 0, 0, 0, 0, 0, 0, 0, 0, 0, 0, 0, 0, 0, 0, 0;
 0, 0, 4, 9, 55, 1912, 0, 0, 0, 0, 0, 0, 0, 0, 0, 0, 0, 0, 0, 0, 0, 0, 0, 0, 0, 0, 0, 0, 0, 0, 0;
 0, 0, 3, 6, 49, 1360, 562, 0, 0, 0, 0, 0, 0, 0, 0, 0, 0, 0, 0, 0, 0, 0, 0, 0, 0, 0, 0, 0, 0, 0, 0;
 0, 0, 0, 0, 8, 49, 556, 1367, 0, 0, 0, 0, 0, 0, 0, 0, 0, 0, 0, 0, 0, 0, 0, 0, 0, 0, 0, 0, 0, 0, 0;
 1, 7, 2, 3, 3, 1, 2, 3, 4, 22, 17, 37, 16, 456, 1053, 147, 17, 8, 2, 2, 6, 5, 2, 17, 11, 16, 5, 7, 22, 32, 57;
 0, 0, 3, 4, 3, 1, 5, 1, 1, 3, 3, 2, 30, 11, 39, 1, 8, 129, 975, 563, 16, 3, 3, 5, 5, 3, 22, 16, 7, 10, 22;
 1, 7, 3, 2, 4, 1, 4, 2, 10, 32, 99, 662, 640, 244, 66, 15, 9, 1, 2, 6, 5, 4, 14, 11, 7, 14, 9, 20, 34, 44, 42;
 60, 8, 25, 14, 26, 6, 14, 14, 28, 7, 14, 2, 4, 3, 4, 10, 2, 3, 4, 38, 7, 25, 11, 18, 44, 54, 40, 93, 91, 263, 622;
 64, 5, 30, 19, 17, 7, 12, 24, 22, 12, 4, 4, 2, 5, 7, 6, 1, 3, 6, 41, 4, 28, 11, 21, 38, 56, 75, 66, 146, 586, 318;
 66, 16, 18, 31, 7, 13, 6, 34, 7, 15, 4, 4, 2, 4, 7, 6, 3, 2, 11, 33, 29, 7, 15, 32, 39, 48, 67, 113, 357, 535, 312;
 2, 3, 1, 3, 4, 1, 0, 0, 3, 18, 21, 2, 11, 526, 921, 213, 22, 4, 1, 1, 6, 1, 2, 13, 10, 16, 3, 4, 25, 34, 54;
 0, 0, 2, 2, 3, 2, 3, 2, 0, 0, 0, 3, 24, 17, 0, 2, 11, 140, 927, 605, 11, 2, 1, 4, 4, 2, 15, 20, 4, 10, 21;
 0, 2, 4, 4, 3, 1, 0, 2, 15, 19, 48, 629, 643, 266, 96, 20, 2, 4, 3, 3, 1, 2, 9, 14, 8, 9, 7, 28, 32, 51, 42;
 16, 70, 36, 18, 4, 4, 3, 5, 13, 38, 7, 1, 9, 36, 16, 9, 13, 8, 8, 6, 8, 41, 22, 37, 53, 63, 40, 86, 142, 499, 429;
 92, 20, 28, 3, 3, 3, 5, 15, 33, 10, 3, 2, 28, 28, 17, 10, 5, 4, 10, 4, 17, 32, 37, 39, 74, 41, 81, 164, 674, 251, 275;
 146, 6, 8, 19, 18, 14, 12, 11, 38, 12, 18, 10, 10, 4, 22, 35, 45, 162, 594, 452, 247, 91, 38, 13, 0, 0, 0, 0, 0, 0, 0;
 27, 61, 21, 14, 18, 17, 11, 14, 13, 19, 5, 5, 14, 12, 11, 11, 5, 11, 18, 32, 9, 11, 27, 25, 43, 31, 85, 82, 177, 507, 389;
 83, 19, 18, 20, 15, 14, 14, 10, 18, 8, 6, 12, 14, 8, 11, 6, 8, 12, 41, 10, 10, 14, 33, 32, 34, 80, 76, 180, 619, 328, 245;
 158, 9, 19, 16, 10, 6, 14, 11, 14, 8, 11, 11, 13, 15, 37, 17, 49, 183, 591, 452, 216, 114, 45, 6, 0, 0, 0, 0, 0, 0, 0;
 67, 16, 7, 27, 7, 3, 10, 10, 33, 17, 12, 3, 2, 6, 9, 7, 5, 0, 2, 2, 3, 13, 19, 26, 50, 80, 34, 27, 133, 267, 624;
 79, 5, 20, 16, 4, 3, 11, 27, 26, 7, 13, 3, 1, 7, 8, 9, 2, 1, 3, 0, 7, 13, 19, 40, 56, 70, 32, 55, 151, 581, 326;
 77, 8, 21, 18, 3, 9, 3, 37, 19, 13, 3, 3, 3, 5, 9, 8, 2, 1, 3, 0, 13, 17, 21, 56, 58, 46, 37, 96, 307, 602, 339;
 23, 77, 21, 12, 18, 7, 7, 8, 12, 27, 11, 8, 13, 30, 17, 7, 7, 10, 5, 8, 9, 10, 53, 32, 49, 54, 49, 94, 152, 526, 398;
 100, 21, 13, 13, 11, 6, 5, 12, 22, 18, 8, 7, 28, 24, 9, 5, 11, 6, 7, 9, 10, 45, 27, 33, 59, 60, 89, 179, 616, 316, 234;
 161, 12, 8, 10, 24, 15, 15, 17, 27, 6, 11, 5, 13, 16, 17, 41, 35, 184, 573, 448, 224, 107, 45, 8, 2, 1, 0, 0, 0, 0, 0;
 0, 1, 6, 17, 113, 1881, 7, 0, 0, 0, 0, 0, 0, 0, 0, 0, 0, 0, 0, 0, 0, 0, 0, 0, 0, 0, 0, 0, 0, 0, 0;
 0, 0, 2, 9, 56, 1354, 604, 0, 0, 0, 0, 0, 0, 0, 0, 0, 0, 0, 0, 0, 0, 0, 0, 0, 0, 0, 0, 0, 0, 0, 0;
 0, 0, 0, 3, 11, 89, 459, 1463, 0, 0, 0, 0, 0, 0, 0, 0, 0, 0, 0, 0, 0, 0, 0, 0, 0, 0, 0, 0, 0, 0, 0;
 0, 6, 24, 14, 25, 23, 14, 12, 9, 8, 13, 12, 10, 11, 10, 14, 8, 4, 5, 7, 11, 7, 36, 48, 73, 64, 186, 545, 413, 264, 71;
 0, 3, 17, 23, 20, 23, 14, 16, 7, 8, 12, 15, 10, 10, 12, 12, 11, 1, 6, 7, 11, 7, 26, 50, 73, 35, 152, 443, 519, 299, 100;
 4, 20, 21, 20, 20, 17, 13, 11, 10, 8, 11, 13, 10, 10, 12, 12, 3, 6, 5, 14, 7, 13, 66, 60, 41, 190, 666, 408, 171, 75, 29;
 0, 0, 7, 21, 103, 1887, 7, 0, 0, 0, 0, 0, 0, 0, 0, 0, 0, 0, 0, 0, 0, 0, 0, 0, 0, 0, 0, 0, 0, 0, 0;
 0, 0, 1, 11, 62, 1064, 887, 0, 0, 0, 0, 0, 0, 0, 0, 0, 0, 0, 0, 0, 0, 0, 0, 0, 0, 0, 0, 0, 0, 0, 0;
 0, 0, 0, 1, 16, 98, 941, 969, 0, 0, 0, 0, 0, 0, 0, 0, 0, 0, 0, 0, 0, 0, 0, 0, 0, 0, 0, 0, 0, 0, 0;
 0, 3, 32, 21, 12, 20, 19, 12, 8, 9, 14, 7, 13, 13, 7, 7, 9, 10, 16, 48, 10, 12, 30, 39, 41, 92, 193, 582, 322, 275, 87;
 0, 2, 25, 27, 10, 15, 17, 18, 10, 8, 13, 11, 10, 15, 9, 4, 12, 9, 13, 43, 15, 9, 30, 39, 33, 93, 105, 392, 525, 353, 104;
 3, 24, 23, 16, 26, 20, 7, 7, 6, 12, 11, 11, 17, 4, 10, 8, 11, 13, 42, 18, 10, 12, 47, 33, 79, 176, 653, 405, 185, 74, 56;
 0, 0, 4, 12, 73, 1885, 6, 0, 0, 0, 0, 0, 0, 0, 0, 0, 0, 0, 0, 0, 0, 0, 0, 0, 0, 0, 0, 0, 0, 0, 0;
 0, 0, 0, 10, 51, 1145, 773, 1, 0, 0, 0, 0, 0, 0, 0, 0, 0, 0, 0, 0, 0, 0, 0, 0, 0, 0, 0, 0, 0, 0, 0;
 0, 0, 0, 0, 12, 52, 687, 1229, 0, 0, 0, 0, 0, 0, 0, 0, 0, 0, 0, 0, 0, 0, 0, 0, 0, 0, 0, 0, 0, 0, 0;
 73, 14, 30, 11, 5, 2, 6, 15, 19, 4, 3, 0, 2, 5, 42, 12, 15, 10, 14, 6, 5, 5, 18, 43, 36, 50, 50, 33, 167, 304, 563;
 76, 21, 24, 7, 6, 2, 6, 18, 18, 2, 2, 0, 2, 8, 41, 20, 13, 4, 12, 7, 4, 7, 41, 27, 32, 67, 38, 32, 200, 501, 408;
 83, 27, 14, 7, 3, 3, 8, 23, 11, 3, 0, 2, 3, 33, 17, 18, 11, 15, 5, 4, 4, 9, 48, 29, 32, 63, 39, 91, 361, 564, 351;
 0, 1, 6, 38, 85, 1892, 3, 0, 0, 0, 0, 0, 0, 0, 0, 0, 0, 0, 0, 0, 0, 0, 0, 0, 0, 0, 0, 0, 0, 0, 0;
 0, 0, 3, 9, 67, 1324, 622, 0, 0, 0, 0, 0, 0, 0, 0, 0, 0, 0, 0, 0, 0, 0, 0, 0, 0, 0, 0, 0, 0, 0, 0;
 0, 0, 1, 5, 18, 77, 665, 1254, 5, 0, 0, 0, 0, 0, 0, 0, 0, 0, 0, 0, 0, 0, 0, 0, 0, 0, 0, 0, 0, 0, 0;
 2, 1, 5, 3, 6, 136, 1054, 391, 165, 37, 7, 8, 6, 11, 0, 1, 0, 0, 0, 0, 0, 0, 0, 0, 3, 3, 4, 12, 25, 56, 39;
 0, 0, 0, 4, 3, 3, 2, 4, 9, 34, 15, 190, 1486, 52, 3, 12, 9, 6, 1, 0, 0, 0, 0, 0, 0, 0, 0, 3, 6, 1, 10;
 0, 0, 0, 0, 0, 1, 2, 3, 2, 3, 1, 4, 12, 36, 8, 25, 129, 190, 450, 780, 173, 14, 0, 0, 0, 0, 0, 0, 0, 1, 2;
 0, 0, 10, 16, 122, 1857, 20, 0, 0, 0, 0, 0, 0, 0, 0, 0, 0, 0, 0, 0, 0, 0, 0, 0, 0, 0, 0, 0, 0, 0, 0;
 0, 0, 5, 9, 50, 1544, 417, 0, 0, 0, 0, 0, 0, 0, 0, 0, 0, 0, 0, 0, 0, 0, 0, 0, 0, 0, 0, 0, 0, 0, 0;
 0, 0, 1, 6, 8, 47, 432, 1526, 5, 0, 0, 0, 0, 0, 0, 0, 0, 0, 0, 0, 0, 0, 0, 0, 0, 0, 0, 0, 0, 0, 0;
 54, 31, 15, 13, 14, 12, 12, 14, 6, 5, 5, 7, 6, 12, 8, 11, 13, 9, 9, 40, 15, 14, 35, 22, 14, 23, 38, 122, 82, 309, 562;
 69, 21, 16, 14, 10, 11, 12, 14, 6, 4, 6, 7, 5, 12, 11, 12, 10, 10, 7, 44, 13, 17, 34, 20, 15, 23, 52, 121, 160, 538, 354;
 82, 16, 15, 13, 10, 11, 17, 6, 6, 3, 8, 7, 9, 12, 8, 15, 4, 10, 14, 44, 12, 19, 32, 19, 21, 36, 92, 87, 381, 518, 344;
 102, 28, 31, 11, 9, 14, 12, 5, 9, 13, 8, 28, 10, 10, 6, 7, 23, 19, 7, 12, 22, 15, 35, 30, 51, 17, 52, 92, 112, 314, 502;
 110, 30, 26, 9, 10, 12, 10, 6, 10, 12, 20, 17, 12, 8, 5, 8, 29, 15, 6, 14, 22, 14, 40, 27, 49, 20, 54, 107, 158, 504, 314;
 125, 24, 23, 9, 10, 13, 7, 7, 12, 7, 31, 9, 9, 8, 8, 12, 29, 10, 7, 18, 20, 34, 29, 16, 51, 45, 64, 115, 275, 534, 289;
 9, 42, 24, 29, 24, 12, 16, 5, 3, 4, 4, 20, 5, 6, 26, 19, 13, 23, 18, 33, 62, 7, 13, 55, 84, 202, 633, 370, 153, 50, 23;
 0, 34, 31, 23, 37, 9, 16, 11, 3, 3, 2, 10, 16, 7, 15, 29, 13, 17, 20, 27, 55, 24, 10, 46, 63, 167, 472, 434, 298, 54, 39;
 0, 2, 37, 34, 24, 30, 10, 13, 11, 3, 3, 4, 12, 14, 6, 26, 20, 11, 25, 15, 50, 44, 9, 30, 55, 78, 231, 572, 393, 163, 56;
 59, 6, 6, 42, 22, 19, 16, 9, 5, 10, 12, 6, 4, 1, 5, 1, 2, 7, 16, 38, 17, 31, 31, 26, 19, 18, 59, 93, 98, 253, 598;
 64, 2, 18, 39, 23, 20, 8, 7, 13, 0, 13, 6, 4, 0, 6, 1, 2, 7, 17, 45, 14, 28, 30, 30, 18, 15, 77, 90, 116, 541, 387;
 64, 3, 39, 29, 17, 16, 10, 4, 12, 10, 9, 1, 3, 2, 4, 1, 6, 12, 9, 49, 33, 18, 26, 33, 14, 30, 108, 72, 346, 539, 356;
 56, 9, 16, 12, 3, 3, 5, 29, 11, 7, 2, 4, 3, 3, 3, 15, 14, 0, 3, 4, 9, 8, 32, 31, 38, 35, 32, 70, 76, 239, 737;
 59, 6, 23, 7, 1, 5, 4, 32, 9, 6, 2, 4, 3, 2, 6, 14, 12, 0, 4, 4, 10, 9, 35, 41, 25, 36, 31, 82, 145, 677, 301;
 62, 8, 23, 3, 1, 7, 11, 27, 8, 2, 3, 3, 5, 2, 14, 15, 1, 0, 6, 7, 8, 9, 46, 35, 46, 31, 40, 87, 323, 658, 390;
 0, 0, 11, 11, 105, 1890, 8, 0, 0, 0, 0, 0, 0, 0, 0, 0, 0, 0, 0, 0, 0, 0, 0, 0, 0, 0, 0, 0, 0, 0, 0;
 0, 0, 4, 11, 26, 1048, 936, 0, 0, 0, 0, 0, 0, 0, 0, 0, 0, 0, 0, 0, 0, 0, 0, 0, 0, 0, 0, 0, 0, 0, 0;
 0, 0, 0, 7, 13, 80, 973, 952, 0, 0, 0, 0, 0, 0, 0, 0, 0, 0, 0, 0, 0, 0, 0, 0, 0, 0, 0, 0, 0, 0, 0;
 21, 47, 23, 15, 41, 21, 11, 16, 19, 6, 8, 6, 8, 8, 17, 22, 16, 9, 43, 30, 17, 12, 13, 38, 145, 226, 633, 315, 164, 26, 32;
 2, 45, 37, 13, 31, 32, 16, 12, 20, 9, 10, 5, 8, 8, 8, 22, 21, 11, 38, 34, 15, 13, 15, 15, 129, 125, 507, 464, 270, 40, 31;
 0, 10, 47, 32, 19, 29, 29, 13, 11, 20, 10, 9, 5, 9, 8, 10, 20, 23, 11, 40, 31, 17, 12, 12, 19, 140, 155, 660, 349, 209, 38;
 73, 8, 0, 24, 19, 14, 26, 6, 13, 2, 14, 5, 9, 2, 1, 4, 3, 1, 10, 17, 10, 11, 43, 33, 15, 64, 33, 77, 101, 235, 629;
 76, 5, 2, 36, 8, 16, 16, 13, 10, 14, 4, 9, 4, 2, 2, 4, 2, 3, 18, 12, 7, 25, 41, 22, 36, 45, 31, 92, 171, 553, 315;
 80, 1, 21, 21, 10, 23, 13, 12, 4, 14, 3, 11, 2, 0, 4, 4, 0, 9, 15, 11, 9, 37, 33, 24, 64, 29, 41, 96, 255, 638, 316;
 0, 0, 6, 22, 103, 1883, 11, 0, 0, 0, 0, 0, 0, 0, 0, 0, 0, 0, 0, 0, 0, 0, 0, 0, 0, 0, 0, 0, 0, 0, 0;
 0, 0, 1, 10, 27, 1158, 828, 1, 0, 0, 0, 0, 0, 0, 0, 0, 0, 0, 0, 0, 0, 0, 0, 0, 0, 0, 0, 0, 0, 0, 0;
 0, 0, 0, 2, 11, 82, 985, 945, 0, 0, 0, 0, 0, 0, 0, 0, 0, 0, 0, 0, 0, 0, 0, 0, 0, 0, 0, 0, 0, 0, 0;
 71, 27, 14, 19, 14, 10, 17, 6, 10, 5, 4, 13, 9, 5, 3, 7, 8, 11, 6, 9, 40, 10, 32, 28, 15, 17, 71, 94, 81, 271, 584;
 82, 18, 15, 18, 16, 10, 15, 6, 9, 5, 4, 18, 6, 2, 4, 7, 10, 9, 7, 10, 39, 8, 37, 28, 14, 16, 79, 92, 141, 579, 298;
 91, 17, 18, 17, 11, 15, 8, 6, 9, 5, 13, 9, 4, 3, 5, 6, 11, 11, 6, 31, 19, 9, 40, 24, 18, 37, 98, 62, 290, 619, 331;
 0, 5, 3, 5, 6, 96, 1052, 426, 178, 26, 9, 7, 5, 7, 8, 0, 0, 0, 0, 0, 0, 1, 0, 1, 4, 1, 3, 6, 24, 47, 46;
 0, 0, 0, 6, 1, 3, 4, 1, 8, 39, 6, 266, 1432, 36, 2, 12, 12, 4, 1, 0, 0, 0, 0, 0, 0, 1, 3, 3, 0, 1, 18;
 0, 0, 0, 0, 0, 2, 2, 2, 1, 5, 2, 1, 9, 37, 9, 44, 129, 208, 444, 746, 186, 4, 2, 0, 0, 0, 0, 1, 1, 2, 3;
 44, 8, 2, 21, 13, 24, 6, 1, 4, 3, 3, 9, 3, 1, 18, 4, 5, 17, 4, 24, 11, 16, 46, 47, 12, 24, 50, 61, 131, 277, 618;
 49, 3, 5, 23, 18, 15, 5, 1, 4, 3, 4, 9, 2, 1, 18, 4, 5, 17, 14, 19, 6, 19, 72, 20, 14, 37, 37, 65, 169, 577, 331;
 52, 1, 15, 16, 23, 9, 3, 3, 3, 2, 5, 7, 3, 14, 7, 4, 13, 7, 19, 16, 13, 20, 66, 23, 9, 55, 37, 98, 322, 595, 467;
 0, 0, 0, 2, 1, 3, 1, 5, 2, 8, 36, 7, 14, 61, 172, 216, 417, 678, 75, 5, 5, 4, 5, 7, 6, 5, 10, 9, 9, 11, 21;
 0, 0, 6, 6, 45, 296, 1007, 273, 38, 9, 7, 8, 2, 5, 5, 3, 2, 7, 5, 3, 3, 11, 9, 10, 14, 16, 10, 8, 7, 35, 75;
 0, 0, 2, 6, 5, 55, 640, 696, 246, 27, 6, 9, 5, 4, 5, 3, 4, 5, 6, 2, 4, 10, 9, 7, 18, 13, 13, 6, 14, 42, 73;
 0, 0, 2, 7, 59, 1851, 17, 0, 0, 0, 0, 0, 0, 0, 0, 0, 0, 0, 0, 0, 0, 0, 0, 0, 0, 0, 0, 0, 0, 0, 0;
 0, 0, 0, 3, 9, 1220, 704, 0, 0, 0, 0, 0, 0, 0, 0, 0, 0, 0, 0, 0, 0, 0, 0, 0, 0, 0, 0, 0, 0, 0, 0;
 0, 0, 0, 0, 4, 5, 662, 1263, 2, 0, 0, 0, 0, 0, 0, 0, 0, 0, 0, 0, 0, 0, 0, 0, 0, 0, 0, 0, 0, 0, 0;
 0, 0, 6, 12, 50, 1911, 1, 0, 0, 0, 0, 0, 0, 0, 0, 0, 0, 0, 0, 0, 0, 0, 0, 0, 0, 0, 0, 0, 0, 0, 0;
 0, 0, 1, 9, 11, 1080, 879, 0, 0, 0, 0, 0, 0, 0, 0, 0, 0, 0, 0, 0, 0, 0, 0, 0, 0, 0, 0, 0, 0, 0, 0;
 0, 0, 0, 2, 9, 16, 966, 987, 0, 0, 0, 0, 0, 0, 0, 0, 0, 0, 0, 0, 0, 0, 0, 0, 0, 0, 0, 0, 0, 0, 0;
 0, 2, 3, 13, 48, 1911, 3, 0, 0, 0, 0, 0, 0, 0, 0, 0, 0, 0, 0, 0, 0, 0, 0, 0, 0, 0, 0, 0, 0, 0, 0;
 0, 0, 2, 9, 38, 1511, 420, 0, 0, 0, 0, 0, 0, 0, 0, 0, 0, 0, 0, 0, 0, 0, 0, 0, 0, 0, 0, 0, 0, 0, 0;
 0, 0, 1, 4, 9, 44, 537, 1385, 0, 0, 0, 0, 0, 0, 0, 0, 0, 0, 0, 0, 0, 0, 0, 0, 0, 0, 0, 0, 0, 0, 0;
 0, 0, 0, 0, 1, 2, 1, 0, 0, 0, 2, 1, 4, 1, 0, 0, 0, 1, 2, 9, 37, 137, 153, 221, 458, 530, 63, 15, 22, 6, 13;
 0, 1, 0, 3, 0, 0, 0, 2, 4, 2, 0, 0, 1, 2, 64, 987, 468, 52, 13, 7, 6, 12, 6, 12, 13, 11, 11, 13, 20, 29, 62;
 2, 5, 43, 327, 431, 225, 151, 144, 69, 99, 76, 18, 12, 9, 7, 5, 8, 9, 16, 9, 8, 8, 15, 20, 18, 23, 37, 46, 56, 26, 11;
 104, 46, 17, 23, 15, 9, 9, 7, 9, 6, 9, 3, 10, 10, 8, 10, 16, 12, 8, 17, 10, 15, 39, 18, 28, 40, 63, 52, 167, 235, 553;
 123, 33, 20, 21, 13, 9, 7, 7, 6, 8, 8, 7, 7, 12, 6, 15, 14, 10, 11, 14, 9, 13, 42, 21, 33, 50, 48, 70, 162, 518, 345;
 145, 22, 21, 16, 9, 10, 6, 7, 6, 9, 5, 11, 10, 7, 7, 18, 11, 10, 14, 11, 10, 26, 31, 27, 32, 62, 43, 175, 274, 506, 261;
 0, 0, 27, 14, 18, 23, 17, 25, 16, 7, 4, 6, 0, 8, 3, 9, 11, 10, 57, 11, 21, 10, 16, 18, 43, 104, 153, 536, 424, 244, 85;
 0, 0, 26, 11, 13, 31, 13, 24, 19, 9, 3, 5, 3, 0, 10, 7, 12, 10, 53, 16, 18, 12, 12, 17, 41, 92, 116, 433, 487, 314, 109;
 0, 23, 17, 18, 24, 16, 24, 15, 9, 4, 5, 1, 9, 4, 6, 13, 7, 52, 18, 20, 11, 12, 18, 35, 121, 180, 631, 393, 148, 90, 50;
 32, 16, 6, 3, 25, 18, 10, 7, 7, 3, 3, 5, 4, 6, 1, 7, 3, 5, 13, 17, 5, 12, 15, 11, 16, 40, 35, 77, 86, 275, 626;
 39, 11, 6, 9, 18, 21, 9, 9, 2, 3, 6, 2, 7, 3, 2, 6, 5, 5, 14, 14, 14, 14, 10, 8, 25, 32, 35, 90, 142, 581, 340;
 48, 6, 3, 25, 18, 10, 7, 7, 3, 3, 4, 5, 5, 2, 4, 4, 7, 10, 20, 4, 13, 14, 9, 12, 42, 31, 45, 115, 258, 610, 457;
 0, 3, 27, 10, 24, 18, 11, 18, 10, 13, 3, 4, 4, 9, 21, 11, 8, 12, 12, 10, 11, 50, 11, 29, 59, 63, 162, 555, 411, 257, 98;
 0, 0, 22, 16, 20, 20, 10, 18, 13, 14, 3, 5, 4, 5, 18, 15, 10, 10, 13, 9, 10, 48, 12, 27, 61, 53, 137, 406, 527, 301, 123;
 5, 24, 10, 25, 18, 9, 14, 18, 12, 3, 5, 2, 10, 18, 17, 6, 8, 12, 8, 15, 38, 18, 24, 57, 60, 163, 719, 364, 172, 81, 43;
 79, 8, 1, 23, 14, 10, 7, 7, 12, 2, 11, 12, 7, 19, 3, 3, 3, 0, 2, 2, 42, 25, 4, 1, 15, 19, 51, 107, 111, 256, 608;
 85, 2, 11, 22, 7, 9, 8, 10, 8, 10, 10, 5, 12, 15, 3, 1, 3, 0, 2, 40, 17, 12, 4, 1, 23, 31, 42, 119, 125, 608, 310;
 87, 1, 13, 22, 12, 6, 7, 10, 5, 11, 9, 8, 18, 6, 2, 2, 2, 0, 4, 41, 23, 5, 3, 11, 18, 13, 118, 108, 279, 605, 343;
 0, 1, 4, 46, 49, 37, 22, 9, 6, 12, 11, 10, 8, 16, 5, 13, 8, 7, 10, 2, 11, 9, 18, 17, 33, 70, 98, 143, 234, 499, 299;
 1, 13, 56, 43, 32, 16, 10, 13, 8, 8, 11, 15, 7, 8, 11, 7, 7, 5, 11, 8, 14, 14, 21, 47, 63, 93, 209, 558, 310, 173, 88;
 45, 49, 29, 30, 12, 16, 8, 11, 11, 10, 12, 8, 6, 7, 8, 8, 12, 7, 12, 11, 24, 25, 63, 71, 303, 531, 254, 141, 105, 73, 34;
 0, 1, 2, 12, 71, 1884, 10, 0, 0, 0, 0, 0, 0, 0, 0, 0, 0, 0, 0, 0, 0, 0, 0, 0, 0, 0, 0, 0, 0, 0, 0;
 0, 0, 1, 7, 17, 947, 1005, 3, 0, 0, 0, 0, 0, 0, 0, 0, 0, 0, 0, 0, 0, 0, 0, 0, 0, 0, 0, 0, 0, 0, 0;
 0, 0, 0, 1, 9, 56, 1139, 774, 1, 0, 0, 0, 0, 0, 0, 0, 0, 0, 0, 0, 0, 0, 0, 0, 0, 0, 0, 0, 0, 0, 0;
 97, 23, 12, 22, 15, 17, 12, 6, 20, 9, 3, 7, 5, 1, 2, 11, 4, 6, 8, 24, 47, 15, 5, 19, 24, 29, 64, 71, 115, 252, 610;
 104, 19, 11, 27, 10, 19, 9, 9, 18, 8, 4, 8, 2, 1, 5, 8, 5, 5, 10, 25, 48, 13, 6, 25, 23, 33, 59, 87, 126, 535, 362;
 118, 12, 13, 25, 18, 12, 4, 14, 16, 3, 7, 4, 3, 1, 11, 4, 7, 5, 16, 52, 19, 5, 17, 24, 23, 25, 91, 104, 230, 643, 301;
 84, 30, 10, 4, 9, 6, 23, 9, 2, 9, 18, 16, 9, 8, 9, 18, 7, 3, 4, 3, 7, 10, 8, 8, 3, 38, 61, 99, 139, 279, 552;
 92, 26, 8, 4, 10, 9, 21, 5, 4, 11, 14, 17, 12, 6, 17, 10, 7, 2, 3, 4, 10, 8, 5, 9, 6, 63, 39, 108, 185, 521, 307;
 108, 15, 4, 9, 10, 20, 7, 3, 6, 14, 13, 19, 8, 9, 17, 7, 5, 1, 4, 8, 10, 6, 5, 8, 10, 70, 56, 136, 265, 570, 357;
 0, 7, 25, 32, 18, 37, 22, 15, 15, 6, 9, 13, 6, 8, 7, 15, 11, 6, 6, 18, 10, 54, 20, 55, 63, 55, 172, 312, 517, 235, 97;
 29, 30, 18, 18, 35, 17, 21, 9, 8, 10, 7, 10, 8, 11, 12, 6, 8, 10, 12, 21, 47, 29, 80, 40, 142, 429, 425, 274, 54, 61, 59;
 33, 30, 15, 21, 35, 18, 18, 7, 11, 8, 8, 10, 7, 13, 10, 6, 9, 12, 9, 23, 42, 30, 68, 74, 153, 517, 424, 171, 50, 73, 56;
 0, 0, 5, 22, 83, 1913, 2, 0, 0, 0, 0, 0, 0, 0, 0, 0, 0, 0, 0, 0, 0, 0, 0, 0, 0, 0, 0, 0, 0, 0, 0;
 0, 0, 2, 10, 91, 1218, 704, 0, 0, 0, 0, 0, 0, 0, 0, 0, 0, 0, 0, 0, 0, 0, 0, 0, 0, 0, 0, 0, 0, 0, 0;
 0, 0, 0, 3, 11, 90, 790, 1131, 0, 0, 0, 0, 0, 0, 0, 0, 0, 0, 0, 0, 0, 0, 0, 0, 0, 0, 0, 0, 0, 0, 0;
 0, 0, 5, 10, 48, 1917, 0, 0, 0, 0, 0, 0, 0, 0, 0, 0, 0, 0, 0, 0, 0, 0, 0, 0, 0, 0, 0, 0, 0, 0, 0;
 0, 0, 0, 6, 49, 1055, 870, 0, 0, 0, 0, 0, 0, 0, 0, 0, 0, 0, 0, 0, 0, 0, 0, 0, 0, 0, 0, 0, 0, 0, 0;
 0, 0, 0, 0, 9, 47, 946, 978, 0, 0, 0, 0, 0, 0, 0, 0, 0, 0, 0, 0, 0, 0, 0, 0, 0, 0, 0, 0, 0, 0, 0;
 0, 0, 9, 19, 79, 1913, 5, 0, 0, 0, 0, 0, 0, 0, 0, 0, 0, 0, 0, 0, 0, 0, 0, 0, 0, 0, 0, 0, 0, 0, 0;
 0, 0, 0, 13, 52, 1311, 647, 2, 0, 0, 0, 0, 0, 0, 0, 0, 0, 0, 0, 0, 0, 0, 0, 0, 0, 0, 0, 0, 0, 0, 0;
 0, 0, 0, 6, 16, 51, 637, 1313, 2, 0, 0, 0, 0, 0, 0, 0, 0, 0, 0, 0, 0, 0, 0, 0, 0, 0, 0, 0, 0, 0, 0;
 3, 6, 6, 4, 61, 71, 1065, 432, 167, 20, 6, 5, 1, 2, 5, 4, 2, 2, 9, 13, 4, 2, 5, 7, 2, 2, 9, 17, 21, 32, 38;
 0, 1, 2, 4, 5, 6, 3, 9, 72, 3, 10, 249, 1425, 46, 9, 4, 0, 2, 6, 3, 2, 12, 12, 1, 2, 6, 6, 3, 4, 8, 20;
 0, 0, 0, 0, 1, 3, 3, 4, 4, 3, 7, 7, 39, 33, 10, 39, 121, 200, 498, 733, 145, 3, 2, 3, 4, 10, 12, 3, 7, 5, 8;
 0, 0, 4, 8, 102, 1855, 11, 0, 0, 0, 0, 0, 0, 0, 0, 0, 0, 0, 0, 0, 0, 0, 0, 0, 0, 0, 0, 0, 0, 0, 0;
 0, 0, 1, 9, 45, 1298, 626, 1, 0, 0, 0, 0, 0, 0, 0, 0, 0, 0, 0, 0, 0, 0, 0, 0, 0, 0, 0, 0, 0, 0, 0;
 0, 0, 1, 4, 9, 46, 788, 1131, 1, 0, 0, 0, 0, 0, 0, 0, 0, 0, 0, 0, 0, 0, 0, 0, 0, 0, 0, 0, 0, 0, 0;
 0, 1, 3, 19, 97, 1901, 4, 0, 0, 0, 0, 0, 0, 0, 0, 0, 0, 0, 0, 0, 0, 0, 0, 0, 0, 0, 0, 0, 0, 0, 0;
 0, 0, 2, 8, 55, 1566, 393, 1, 0, 0, 0, 0, 0, 0, 0, 0, 0, 0, 0, 0, 0, 0, 0, 0, 0, 0, 0, 0, 0, 0, 0;
 0, 0, 0, 2, 11, 57, 610, 1345, 0, 0, 0, 0, 0, 0, 0, 0, 0, 0, 0, 0, 0, 0, 0, 0, 0, 0, 0, 0, 0, 0, 0;
 0, 0, 7, 14, 95, 1900, 9, 0, 0, 0, 0, 0, 0, 0, 0, 0, 0, 0, 0, 0, 0, 0, 0, 0, 0, 0, 0, 0, 0, 0, 0;
 0, 0, 3, 12, 76, 1466, 465, 3, 0, 0, 0, 0, 0, 0, 0, 0, 0, 0, 0, 0, 0, 0, 0, 0, 0, 0, 0, 0, 0, 0, 0;
 0, 0, 0, 5, 13, 63, 578, 1365, 1, 0, 0, 0, 0, 0, 0, 0, 0, 0, 0, 0, 0, 0, 0, 0, 0, 0, 0, 0, 0, 0, 0;
 0, 0, 3, 24, 41, 22, 21, 11, 11, 4, 28, 20, 21, 10, 2, 5, 8, 8, 7, 2, 3, 3, 18, 34, 88, 56, 75, 71, 275, 522, 335;
 0, 6, 49, 19, 28, 15, 10, 3, 10, 29, 29, 11, 7, 2, 7, 5, 11, 6, 0, 5, 14, 8, 48, 92, 48, 69, 212, 574, 305, 182, 125;
 43, 26, 19, 20, 13, 5, 6, 30, 25, 18, 5, 7, 4, 3, 10, 10, 3, 4, 12, 7, 25, 71, 77, 82, 328, 495, 239, 149, 120, 93, 31;
 0, 1, 10, 11, 108, 1884, 11, 0, 0, 0, 0, 0, 0, 0, 0, 0, 0, 0, 0, 0, 0, 0, 0, 0, 0, 0, 0, 0, 0, 0, 0;
 0, 0, 7, 8, 85, 1515, 410, 0, 0, 0, 0, 0, 0, 0, 0, 0, 0, 0, 0, 0, 0, 0, 0, 0, 0, 0, 0, 0, 0, 0, 0;
 0, 0, 1, 8, 10, 87, 432, 1487, 0, 0, 0, 0, 0, 0, 0, 0, 0, 0, 0, 0, 0, 0, 0, 0, 0, 0, 0, 0, 0, 0, 0;
 88, 21, 11, 18, 19, 17, 7, 9, 27, 7, 16, 7, 10, 9, 20, 9, 3, 4, 6, 10, 52, 9, 8, 20, 40, 36, 64, 60, 149, 249, 579;
 95, 16, 16, 13, 25, 13, 4, 17, 22, 5, 16, 6, 9, 12, 19, 7, 4, 2, 8, 45, 22, 5, 13, 17, 41, 48, 55, 64, 173, 553, 336;
 106, 10, 17, 22, 17, 9, 5, 22, 14, 12, 10, 8, 11, 18, 12, 5, 3, 2, 8, 54, 13, 7, 17, 22, 30, 54, 85, 97, 242, 624, 297;
 0, 1, 2, 10, 74, 1887, 6, 0, 0, 0, 0, 0, 0, 0, 0, 0, 0, 0, 0, 0, 0, 0, 0, 0, 0, 0, 0, 0, 0, 0, 0;
 0, 0, 1, 5, 49, 1034, 890, 1, 0, 0, 0, 0, 0, 0, 0, 0, 0, 0, 0, 0, 0, 0, 0, 0, 0, 0, 0, 0, 0, 0, 0;
 0, 0, 0, 1, 5, 53, 977, 944, 0, 0, 0, 0, 0, 0, 0, 0, 0, 0, 0, 0, 0, 0, 0, 0, 0, 0, 0, 0, 0, 0, 0;
 13, 49, 18, 22, 21, 16, 15, 18, 18, 15, 18, 15, 11, 8, 11, 9, 9, 10, 5, 16, 49, 44, 76, 48, 88, 209, 610, 293, 169, 51, 33;
 4, 36, 35, 18, 23, 19, 12, 16, 20, 14, 16, 18, 10, 14, 6, 11, 9, 13, 4, 12, 16, 58, 59, 71, 42, 164, 493, 394, 267, 67, 37;
 0, 9, 43, 28, 21, 22, 16, 9, 18, 20, 18, 18, 12, 13, 8, 12, 7, 10, 11, 6, 11, 25, 67, 48, 72, 65, 186, 616, 305, 212, 73;
 75, 21, 18, 15, 24, 14, 11, 6, 12, 14, 15, 6, 8, 13, 10, 10, 6, 3, 10, 14, 41, 12, 11, 11, 36, 32, 50, 98, 123, 244, 632;
 83, 19, 19, 20, 16, 15, 7, 10, 14, 12, 11, 9, 6, 14, 8, 12, 4, 2, 14, 12, 43, 13, 8, 10, 40, 50, 53, 85, 155, 540, 363;
 96, 16, 18, 21, 14, 13, 6, 13, 12, 13, 8, 6, 14, 10, 11, 6, 4, 6, 14, 38, 17, 11, 10, 20, 34, 46, 71, 121, 259, 636, 310;
 77, 25, 17, 7, 14, 5, 10, 19, 8, 10, 8, 8, 9, 3, 6, 10, 27, 9, 6, 5, 8, 7, 6, 9, 34, 46, 77, 71, 135, 244, 616;
 98, 9, 16, 9, 11, 3, 17, 18, 3, 12, 7, 9, 6, 4, 8, 19, 18, 7, 5, 6, 8, 6, 7, 11, 35, 95, 46, 76, 209, 527, 342;
 102, 15, 7, 15, 6, 7, 20, 9, 11, 5, 11, 7, 3, 6, 10, 25, 9, 7, 8, 5, 7, 7, 6, 12, 46, 92, 53, 127, 297, 599, 279;
 109, 26, 22, 12, 10, 8, 7, 7, 1, 3, 23, 8, 2, 6, 1, 6, 6, 1, 5, 9, 41, 29, 42, 158, 623, 444, 354, 16, 2, 5, 14;
 130, 13, 18, 11, 8, 9, 7, 7, 0, 14, 16, 4, 4, 4, 5, 6, 4, 3, 2, 10, 43, 28, 64, 222, 781, 440, 143, 27, 2, 0, 0;
 142, 8, 22, 6, 11, 13, 8, 8, 9, 21, 22, 6, 11, 6, 10, 5, 4, 2, 2, 9, 47, 30, 142, 594, 464, 396, 25, 2, 0, 0, 0;
 0, 0, 9, 18, 83, 1914, 1, 0, 0, 0, 0, 0, 0, 0, 0, 0, 0, 0, 0, 0, 0, 0, 0, 0, 0, 0, 0, 0, 0, 0, 0;
 0, 0, 3, 14, 63, 1305, 640, 0, 0, 0, 0, 0, 0, 0, 0, 0, 0, 0, 0, 0, 0, 0, 0, 0, 0, 0, 0, 0, 0, 0, 0;
 0, 0, 0, 5, 14, 80, 630, 1296, 0, 0, 0, 0, 0, 0, 0, 0, 0, 0, 0, 0, 0, 0, 0, 0, 0, 0, 0, 0, 0, 0, 0;
 0, 0, 7, 5, 55, 1907, 6, 0, 0, 0, 0, 0, 0, 0, 0, 0, 0, 0, 0, 0, 0, 0, 0, 0, 0, 0, 0, 0, 0, 0, 0;
 0, 0, 2, 8, 23, 1383, 564, 0, 0, 0, 0, 0, 0, 0, 0, 0, 0, 0, 0, 0, 0, 0, 0, 0, 0, 0, 0, 0, 0, 0, 0;
 0, 0, 0, 2, 8, 50, 528, 1391, 1, 0, 0, 0, 0, 0, 0, 0, 0, 0, 0, 0, 0, 0, 0, 0, 0, 0, 0, 0, 0, 0, 0;
 0, 0, 1, 0, 3, 2, 3, 2, 4, 1, 1, 3, 3, 1, 1, 1, 14, 61, 5, 3, 14, 47, 152, 231, 477, 643, 57, 13, 9, 12, 19;
 0, 2, 2, 7, 2, 4, 0, 3, 3, 1, 2, 6, 71, 3, 60, 1064, 391, 36, 27, 21, 10, 10, 6, 12, 13, 12, 10, 10, 13, 30, 81;
 13, 8, 28, 339, 538, 247, 166, 125, 109, 60, 27, 18, 10, 14, 13, 10, 7, 8, 15, 10, 11, 6, 14, 17, 22, 28, 52, 71, 22, 14, 3;
 0, 1, 7, 14, 117, 1859, 27, 0, 0, 0, 0, 0, 0, 0, 0, 0, 0, 0, 0, 0, 0, 0, 0, 0, 0, 0, 0, 0, 0, 0, 0;
 0, 0, 2, 11, 25, 1352, 635, 0, 0, 0, 0, 0, 0, 0, 0, 0, 0, 0, 0, 0, 0, 0, 0, 0, 0, 0, 0, 0, 0, 0, 0;
 0, 0, 0, 1, 12, 67, 690, 1248, 7, 0, 0, 0, 0, 0, 0, 0, 0, 0, 0, 0, 0, 0, 0, 0, 0, 0, 0, 0, 0, 0, 0;
 0, 0, 2, 12, 52, 1910, 4, 0, 0, 0, 0, 0, 0, 0, 0, 0, 0, 0, 0, 0, 0, 0, 0, 0, 0, 0, 0, 0, 0, 0, 0;
 0, 0, 1, 7, 13, 1148, 811, 0, 0, 0, 0, 0, 0, 0, 0, 0, 0, 0, 0, 0, 0, 0, 0, 0, 0, 0, 0, 0, 0, 0, 0;
 0, 0, 0, 2, 7, 50, 904, 1017, 0, 0, 0, 0, 0, 0, 0, 0, 0, 0, 0, 0, 0, 0, 0, 0, 0, 0, 0, 0, 0, 0, 0;
 70, 29, 8, 13, 32, 9, 5, 15, 14, 8, 5, 12, 12, 10, 8, 6, 10, 7, 11, 9, 10, 23, 60, 34, 10, 50, 41, 69, 151, 255, 558;
 85, 16, 13, 13, 27, 9, 7, 11, 18, 5, 5, 14, 18, 4, 7, 7, 8, 9, 10, 10, 11, 25, 59, 30, 14, 52, 37, 87, 165, 543, 330;
 98, 10, 12, 27, 11, 8, 11, 15, 11, 4, 7, 15, 13, 8, 5, 7, 10, 11, 8, 9, 16, 41, 45, 18, 23, 60, 47, 134, 287, 557, 326;
 0, 4, 31, 10, 21, 27, 29, 23, 23, 22, 5, 12, 8, 4, 2, 6, 5, 5, 46, 18, 48, 31, 14, 28, 39, 107, 169, 531, 401, 261, 58;
 0, 1, 29, 15, 18, 26, 28, 23, 24, 21, 10, 9, 9, 6, 1, 6, 5, 5, 42, 20, 43, 36, 15, 27, 13, 92, 129, 414, 490, 350, 78;
 5, 30, 10, 17, 31, 26, 26, 22, 26, 3, 12, 4, 5, 4, 3, 7, 3, 14, 52, 26, 37, 30, 25, 15, 104, 210, 630, 363, 198, 47, 34;
 62, 20, 17, 12, 18, 9, 10, 7, 9, 10, 9, 7, 7, 11, 6, 8, 4, 11, 5, 7, 13, 18, 34, 26, 15, 52, 29, 83, 117, 297, 598;
 70, 16, 17, 17, 12, 9, 8, 12, 7, 10, 7, 8, 7, 10, 6, 6, 10, 6, 7, 5, 19, 15, 31, 30, 27, 39, 32, 93, 141, 576, 349;
 81, 11, 18, 19, 9, 8, 10, 9, 8, 8, 7, 9, 9, 8, 6, 4, 11, 4, 7, 17, 14, 14, 33, 27, 51, 30, 30, 130, 330, 594, 309;
 1, 6, 26, 27, 25, 42, 11, 18, 10, 20, 13, 6, 4, 6, 8, 8, 9, 20, 26, 12, 11, 69, 28, 19, 62, 60, 181, 565, 430, 213, 61;
 0, 6, 22, 30, 22, 41, 11, 20, 14, 17, 14, 8, 2, 6, 7, 7, 11, 18, 26, 13, 7, 55, 43, 21, 45, 53, 139, 429, 511, 318, 79;
 8, 24, 27, 21, 45, 13, 17, 12, 16, 14, 7, 5, 8, 6, 6, 12, 19, 24, 11, 8, 43, 55, 16, 48, 60, 175, 699, 356, 175, 65, 21;
 0, 0, 9, 11, 102, 1890, 13, 0, 0, 0, 0, 0, 0, 0, 0, 0, 0, 0, 0, 0, 0, 0, 0, 0, 0, 0, 0, 0, 0, 0, 0;
 0, 0, 3, 10, 26, 1510, 475, 1, 0, 0, 0, 0, 0, 0, 0, 0, 0, 0, 0, 0, 0, 0, 0, 0, 0, 0, 0, 0, 0, 0, 0;
 0, 0, 0, 7, 9, 48, 510, 1450, 1, 0, 0, 0, 0, 0, 0, 0, 0, 0, 0, 0, 0, 0, 0, 0, 0, 0, 0, 0, 0, 0, 0;
 0, 0, 4, 11, 68, 1892, 5, 0, 0, 0, 0, 0, 0, 0, 0, 0, 0, 0, 0, 0, 0, 0, 0, 0, 0, 0, 0, 0, 0, 0, 0;
 0, 0, 0, 6, 19, 1354, 601, 0, 0, 0, 0, 0, 0, 0, 0, 0, 0, 0, 0, 0, 0, 0, 0, 0, 0, 0, 0, 0, 0, 0, 0;
 0, 0, 0, 2, 11, 47, 568, 1352, 0, 0, 0, 0, 0, 0, 0, 0, 0, 0, 0, 0, 0, 0, 0, 0, 0, 0, 0, 0, 0, 0, 0;
 0, 0, 9, 48, 69, 1891, 8, 0, 0, 0, 0, 0, 0, 0, 0, 0, 0, 0, 0, 0, 0, 0, 0, 0, 0, 0, 0, 0, 0, 0, 0;
 0, 0, 0, 15, 58, 1698, 253, 1, 0, 0, 0, 0, 0, 0, 0, 0, 0, 0, 0, 0, 0, 0, 0, 0, 0, 0, 0, 0, 0, 0, 0;
 0, 0, 0, 3, 14, 88, 268, 1651, 1, 0, 0, 0, 0, 0, 0, 0, 0, 0, 0, 0, 0, 0, 0, 0, 0, 0, 0, 0, 0, 0, 0;
 0, 0, 3, 17, 28, 27, 29, 17, 17, 11, 15, 9, 9, 16, 8, 11, 12, 7, 9, 45, 20, 24, 39, 14, 13, 19, 136, 97, 318, 505, 321;
 1, 9, 25, 29, 25, 29, 14, 9, 16, 15, 6, 11, 16, 6, 11, 10, 9, 13, 38, 26, 20, 40, 13, 14, 38, 121, 204, 569, 327, 183, 110;
 30, 24, 16, 30, 24, 13, 11, 21, 7, 9, 14, 7, 10, 9, 13, 10, 11, 47, 17, 28, 35, 17, 29, 80, 344, 574, 230, 125, 107, 80, 50;
 0, 0, 2, 14, 63, 1894, 7, 0, 0, 0, 0, 0, 0, 0, 0, 0, 0, 0, 0, 0, 0, 0, 0, 0, 0, 0, 0, 0, 0, 0, 0;
 0, 0, 0, 7, 25, 1288, 660, 0, 0, 0, 0, 0, 0, 0, 0, 0, 0, 0, 0, 0, 0, 0, 0, 0, 0, 0, 0, 0, 0, 0, 0;
 0, 0, 0, 2, 10, 55, 649, 1264, 0, 0, 0, 0, 0, 0, 0, 0, 0, 0, 0, 0, 0, 0, 0, 0, 0, 0, 0, 0, 0, 0, 0;
 3, 26, 29, 42, 156, 1536, 26, 8, 3, 1, 4, 5, 3, 3, 2, 4, 5, 3, 4, 3, 3, 3, 3, 2, 4, 3, 8, 6, 18, 32, 42;
 64, 24, 14, 19, 72, 1003, 630, 5, 5, 4, 3, 3, 3, 3, 6, 0, 5, 5, 3, 3, 2, 3, 2, 4, 7, 13, 53, 50, 14, 3, 0;
 119, 7, 5, 7, 21, 119, 681, 890, 33, 26, 20, 30, 16, 19, 14, 3, 8, 4, 2, 1, 0, 0, 0, 0, 0, 0, 0, 0, 0, 0, 0;
 0, 0, 4, 23, 70, 1878, 5, 0, 0, 0, 0, 0, 0, 0, 0, 0, 0, 0, 0, 0, 0, 0, 0, 0, 0, 0, 0, 0, 0, 0, 0;
 0, 0, 1, 12, 44, 1510, 413, 0, 0, 0, 0, 0, 0, 0, 0, 0, 0, 0, 0, 0, 0, 0, 0, 0, 0, 0, 0, 0, 0, 0, 0;
 0, 0, 0, 2, 11, 38, 496, 1426, 7, 0, 0, 0, 0, 0, 0, 0, 0, 0, 0, 0, 0, 0, 0, 0, 0, 0, 0, 0, 0, 0, 0;
 0, 2, 1, 1, 0, 0, 2, 3, 2, 1, 0, 1, 6, 528, 966, 168, 23, 4, 2, 11, 8, 6, 12, 0, 3, 4, 2, 7, 19, 46, 83;
 0, 0, 0, 2, 1, 1, 0, 0, 1, 3, 2, 2, 0, 0, 1, 2, 9, 147, 990, 535, 11, 5, 14, 1, 15, 5, 4, 2, 2, 4, 8;
 2, 0, 1, 1, 0, 2, 3, 1, 1, 1, 27, 668, 637, 268, 79, 12, 5, 4, 15, 3, 8, 9, 0, 4, 3, 3, 8, 20, 55, 69, 27;
 0, 1, 5, 5, 90, 1873, 6, 0, 0, 0, 0, 0, 0, 0, 0, 0, 0, 0, 0, 0, 0, 0, 0, 0, 0, 0, 0, 0, 0, 0, 0;
 0, 1, 2, 5, 13, 1658, 300, 1, 0, 0, 0, 0, 0, 0, 0, 0, 0, 0, 0, 0, 0, 0, 0, 0, 0, 0, 0, 0, 0, 0, 0;
 0, 0, 1, 3, 3, 11, 408, 1553, 1, 0, 0, 0, 0, 0, 0, 0, 0, 0, 0, 0, 0, 0, 0, 0, 0, 0, 0, 0, 0, 0, 0;
 0, 0, 3, 10, 54, 1906, 7, 0, 0, 0, 0, 0, 0, 0, 0, 0, 0, 0, 0, 0, 0, 0, 0, 0, 0, 0, 0, 0, 0, 0, 0;
 0, 0, 1, 5, 19, 1443, 512, 0, 0, 0, 0, 0, 0, 0, 0, 0, 0, 0, 0, 0, 0, 0, 0, 0, 0, 0, 0, 0, 0, 0, 0;
 0, 0, 0, 2, 7, 17, 595, 1359, 0, 0, 0, 0, 0, 0, 0, 0, 0, 0, 0, 0, 0, 0, 0, 0, 0, 0, 0, 0, 0, 0, 0;
 0, 0, 2, 3, 18, 1905, 7, 1, 0, 0, 0, 0, 0, 0, 0, 0, 0, 0, 0, 0, 0, 0, 0, 0, 0, 0, 0, 0, 0, 0, 0;
 0, 0, 0, 4, 7, 1453, 471, 1, 0, 0, 0, 0, 0, 0, 0, 0, 0, 0, 0, 0, 0, 0, 0, 0, 0, 0, 0, 0, 0, 0, 0;
 0, 0, 0, 1, 4, 15, 583, 1331, 2, 0, 0, 0, 0, 0, 0, 0, 0, 0, 0, 0, 0, 0, 0, 0, 0, 0, 0, 0, 0, 0, 0;
 3, 5, 4, 2, 7, 92, 1100, 374, 181, 19, 7, 7, 4, 0, 1, 1, 8, 11, 5, 11, 2, 3, 7, 4, 0, 0, 3, 6, 31, 39, 36;
 0, 0, 3, 2, 5, 2, 2, 1, 6, 38, 9, 225, 1433, 65, 8, 2, 1, 3, 1, 5, 13, 4, 14, 0, 4, 8, 2, 2, 0, 6, 14;
 0, 0, 0, 0, 1, 3, 1, 4, 2, 2, 1, 1, 6, 28, 15, 37, 99, 183, 507, 785, 114, 13, 8, 9, 7, 10, 7, 0, 7, 3, 8;
 0, 2, 6, 6, 67, 1893, 6, 0, 0, 0, 0, 0, 0, 0, 0, 0, 0, 0, 0, 0, 0, 0, 0, 0, 0, 0, 0, 0, 0, 0, 0;
 0, 1, 2, 8, 32, 1491, 445, 1, 0, 0, 0, 0, 0, 0, 0, 0, 0, 0, 0, 0, 0, 0, 0, 0, 0, 0, 0, 0, 0, 0, 0;
 0, 0, 1, 5, 6, 27, 415, 1522, 4, 0, 0, 0, 0, 0, 0, 0, 0, 0, 0, 0, 0, 0, 0, 0, 0, 0, 0, 0, 0, 0, 0;
 0, 0, 1, 6, 16, 1899, 14, 0, 0, 0, 0, 0, 0, 0, 0, 0, 0, 0, 0, 0, 0, 0, 0, 0, 0, 0, 0, 0, 0, 0, 0;
 0, 0, 1, 2, 12, 1502, 418, 1, 0, 0, 0, 0, 0, 0, 0, 0, 0, 0, 0, 0, 0, 0, 0, 0, 0, 0, 0, 0, 0, 0, 0;
 0, 0, 0, 1, 4, 9, 458, 1464, 0, 0, 0, 0, 0, 0, 0, 0, 0, 0, 0, 0, 0, 0, 0, 0, 0, 0, 0, 0, 0, 0, 0;
 67, 28, 20, 13, 6, 16, 11, 8, 5, 7, 7, 7, 5, 8, 11, 5, 16, 16, 4, 6, 13, 9, 47, 14, 9, 64, 21, 48, 161, 274, 514;
 78, 24, 14, 12, 12, 12, 12, 6, 6, 10, 4, 7, 5, 10, 6, 11, 17, 14, 2, 11, 7, 12, 47, 11, 14, 59, 27, 60, 169, 556, 308;
 91, 18, 13, 13, 15, 6, 10, 5, 7, 9, 5, 8, 6, 10, 5, 18, 12, 10, 5, 11, 8, 13, 47, 8, 11, 48, 65, 121, 305, 545, 400;
 21, 45, 26, 16, 17, 21, 20, 10, 5, 13, 10, 8, 3, 7, 13, 7, 8, 14, 49, 20, 14, 12, 22, 59, 141, 184, 616, 351, 145, 46, 35;
 6, 44, 38, 15, 15, 24, 19, 12, 7, 7, 16, 8, 4, 5, 11, 7, 11, 13, 46, 21, 16, 9, 20, 37, 133, 136, 504, 417, 257, 56, 41;
 1, 17, 46, 28, 19, 17, 20, 17, 10, 7, 9, 13, 9, 4, 5, 13, 4, 13, 11, 51, 17, 16, 11, 22, 55, 132, 162, 630, 377, 157, 57;
 56, 11, 1, 22, 10, 23, 9, 7, 4, 3, 2, 3, 4, 6, 3, 4, 1, 5, 8, 18, 8, 12, 19, 2, 15, 62, 31, 64, 115, 282, 680;
 60, 8, 0, 25, 12, 19, 8, 6, 6, 3, 1, 3, 6, 5, 2, 5, 1, 4, 12, 15, 6, 15, 18, 4, 22, 70, 16, 82, 157, 630, 344;
 65, 3, 9, 18, 23, 10, 8, 6, 4, 2, 2, 3, 7, 4, 1, 4, 2, 9, 19, 6, 10, 11, 15, 12, 57, 31, 14, 115, 326, 664, 342;
 76, 25, 19, 5, 6, 5, 5, 9, 10, 3, 1, 2, 3, 11, 44, 23, 17, 4, 11, 6, 12, 7, 38, 6, 5, 35, 40, 59, 184, 274, 551;
 94, 24, 4, 4, 6, 8, 4, 12, 6, 1, 1, 3, 3, 18, 52, 10, 18, 9, 4, 9, 10, 8, 36, 4, 5, 62, 26, 61, 190, 572, 335;
 100, 20, 4, 6, 5, 4, 7, 13, 3, 2, 1, 3, 9, 37, 31, 18, 5, 11, 6, 12, 5, 37, 7, 3, 8, 63, 48, 136, 337, 540, 342;
 0, 0, 3, 13, 67, 1893, 4, 0, 0, 0, 0, 0, 0, 0, 0, 0, 0, 0, 0, 0, 0, 0, 0, 0, 0, 0, 0, 0, 0, 0, 0;
 0, 0, 1, 7, 14, 1271, 687, 0, 0, 0, 0, 0, 0, 0, 0, 0, 0, 0, 0, 0, 0, 0, 0, 0, 0, 0, 0, 0, 0, 0, 0;
 0, 0, 0, 0, 9, 22, 838, 1111, 0, 0, 0, 0, 0, 0, 0, 0, 0, 0, 0, 0, 0, 0, 0, 0, 0, 0, 0, 0, 0, 0, 0;
 0, 2, 0, 2, 0, 0, 1, 2, 3, 2, 0, 1, 4, 466, 1073, 129, 18, 4, 1, 7, 17, 8, 5, 4, 3, 4, 5, 8, 11, 39, 85;
 0, 0, 0, 0, 3, 1, 0, 0, 0, 1, 4, 2, 1, 0, 1, 1, 14, 91, 1071, 514, 4, 2, 17, 3, 11, 7, 3, 3, 7, 8, 8;
 0, 0, 4, 0, 0, 1, 2, 3, 1, 2, 34, 686, 644, 202, 114, 11, 4, 1, 6, 15, 8, 9, 2, 4, 3, 7, 6, 9, 34, 58, 53;
 0, 0, 2, 16, 102, 1855, 5, 0, 0, 0, 0, 0, 0, 0, 0, 0, 0, 0, 0, 0, 0, 0, 0, 0, 0, 0, 0, 0, 0, 0, 0;
 0, 0, 0, 6, 54, 1550, 368, 2, 0, 0, 0, 0, 0, 0, 0, 0, 0, 0, 0, 0, 0, 0, 0, 0, 0, 0, 0, 0, 0, 0, 0;
 0, 0, 0, 0, 7, 52, 350, 1569, 2, 0, 0, 0, 0, 0, 0, 0, 0, 0, 0, 0, 0, 0, 0, 0, 0, 0, 0, 0, 0, 0, 0;
 2, 6, 5, 6, 53, 83, 1098, 394, 162, 27, 6, 3, 3, 0, 1, 6, 2, 3, 0, 14, 9, 4, 1, 5, 9, 4, 20, 10, 20, 45, 23;
 0, 0, 4, 6, 3, 2, 5, 78, 2, 4, 15, 279, 1407, 33, 8, 2, 0, 2, 0, 7, 2, 1, 13, 14, 1, 1, 4, 9, 5, 24, 3;
 0, 0, 0, 0, 0, 6, 3, 3, 1, 3, 18, 56, 9, 1, 5, 27, 118, 161, 441, 865, 128, 5, 1, 4, 9, 10, 10, 2, 3, 4, 8;
 0, 1, 4, 10, 46, 1905, 14, 0, 0, 0, 0, 0, 0, 0, 0, 0, 0, 0, 0, 0, 0, 0, 0, 0, 0, 0, 0, 0, 0, 0, 0;
 0, 0, 2, 5, 48, 1353, 572, 0, 0, 0, 0, 0, 0, 0, 0, 0, 0, 0, 0, 0, 0, 0, 0, 0, 0, 0, 0, 0, 0, 0, 0;
 0, 0, 0, 5, 5, 19, 624, 1327, 0, 0, 0, 0, 0, 0, 0, 0, 0, 0, 0, 0, 0, 0, 0, 0, 0, 0, 0, 0, 0, 0, 0;
 0, 2, 6, 21, 85, 1904, 7, 0, 0, 0, 0, 0, 0, 0, 0, 0, 0, 0, 0, 0, 0, 0, 0, 0, 0, 0, 0, 0, 0, 0, 0;
 0, 0, 6, 9, 52, 1177, 779, 2, 0, 0, 0, 0, 0, 0, 0, 0, 0, 0, 0, 0, 0, 0, 0, 0, 0, 0, 0, 0, 0, 0, 0;
 0, 0, 0, 4, 15, 51, 891, 1063, 1, 0, 0, 0, 0, 0, 0, 0, 0, 0, 0, 0, 0, 0, 0, 0, 0, 0, 0, 0, 0, 0, 0;
 66, 28, 19, 12, 13, 10, 11, 15, 23, 8, 8, 14, 4, 11, 7, 10, 11, 3, 11, 47, 14, 9, 10, 21, 35, 49, 51, 89, 121, 278, 535;
 77, 27, 14, 11, 12, 11, 10, 20, 18, 7, 12, 9, 6, 10, 9, 8, 10, 6, 6, 51, 13, 9, 10, 22, 34, 54, 69, 73, 159, 487, 406;
 92, 20, 13, 10, 11, 14, 13, 22, 9, 9, 12, 5, 12, 6, 11, 10, 3, 8, 10, 40, 23, 10, 16, 19, 35, 53, 82, 125, 285, 568, 341;
 0, 3, 32, 24, 11, 24, 20, 17, 9, 11, 25, 15, 9, 23, 8, 4, 5, 6, 2, 6, 15, 12, 73, 85, 24, 49, 127, 358, 492, 269, 98;
 32, 24, 13, 10, 28, 18, 7, 18, 17, 23, 7, 13, 18, 4, 6, 4, 5, 2, 15, 9, 24, 69, 76, 32, 132, 411, 473, 248, 81, 54, 65;
 34, 25, 10, 14, 27, 15, 10, 15, 18, 22, 8, 14, 14, 7, 5, 4, 4, 2, 19, 7, 23, 49, 96, 32, 146, 507, 437, 205, 64, 62, 57;
 59, 12, 15, 5, 5, 4, 4, 3, 24, 7, 3, 5, 20, 26, 7, 3, 12, 5, 7, 3, 5, 12, 35, 6, 27, 47, 58, 36, 174, 250, 691;
 69, 3, 18, 2, 6, 4, 3, 13, 16, 6, 3, 3, 39, 9, 7, 3, 11, 8, 4, 3, 5, 21, 26, 10, 26, 76, 28, 87, 158, 596, 409;
 69, 8, 13, 5, 4, 3, 2, 25, 7, 5, 4, 16, 30, 7, 3, 12, 4, 6, 5, 3, 7, 22, 23, 20, 26, 77, 32, 173, 259, 699, 290;
 70, 30, 12, 21, 18, 10, 7, 11, 8, 13, 8, 2, 8, 6, 5, 6, 6, 8, 7, 37, 11, 9, 12, 11, 39, 47, 41, 93, 119, 284, 564;
 76, 28, 14, 18, 18, 12, 5, 11, 10, 12, 4, 4, 7, 8, 3, 6, 7, 6, 8, 36, 12, 11, 12, 10, 40, 45, 46, 116, 131, 541, 389;
 92, 19, 19, 19, 10, 9, 12, 5, 13, 6, 5, 8, 4, 8, 4, 6, 6, 6, 7, 42, 9, 13, 8, 38, 15, 53, 100, 111, 313, 556, 351;
 0, 1, 58, 33, 22, 22, 27, 8, 9, 12, 26, 10, 13, 10, 14, 22, 5, 6, 5, 16, 12, 13, 36, 87, 34, 57, 163, 558, 355, 252, 61;
 0, 0, 53, 37, 22, 16, 30, 12, 5, 12, 27, 13, 13, 10, 13, 23, 5, 5, 5, 13, 14, 12, 16, 71, 72, 25, 141, 424, 461, 302, 91;
 2, 51, 37, 23, 20, 21, 15, 8, 15, 21, 15, 9, 12, 14, 21, 7, 5, 6, 12, 13, 12, 18, 76, 55, 39, 209, 622, 331, 197, 56, 31;
 94, 25, 13, 12, 7, 8, 6, 23, 17, 11, 7, 9, 8, 12, 12, 30, 11, 7, 6, 9, 6, 9, 43, 12, 31, 90, 41, 40, 148, 288, 564;
 105, 17, 14, 13, 4, 8, 10, 28, 11, 9, 9, 8, 8, 8, 20, 28, 5, 9, 6, 10, 4, 11, 44, 11, 52, 68, 50, 51, 145, 560, 364;
 117, 11, 15, 7, 7, 9, 19, 19, 11, 8, 7, 11, 8, 10, 32, 12, 4, 10, 8, 5, 6, 13, 48, 14, 40, 82, 46, 140, 244, 638, 291;
 0, 0, 4, 20, 92, 1903, 6, 0, 0, 0, 0, 0, 0, 0, 0, 0, 0, 0, 0, 0, 0, 0, 0, 0, 0, 0, 0, 0, 0, 0, 0;
 0, 0, 2, 11, 57, 1306, 648, 1, 0, 0, 0, 0, 0, 0, 0, 0, 0, 0, 0, 0, 0, 0, 0, 0, 0, 0, 0, 0, 0, 0, 0;
 0, 0, 0, 3, 18, 88, 715, 1201, 0, 0, 0, 0, 0, 0, 0, 0, 0, 0, 0, 0, 0, 0, 0, 0, 0, 0, 0, 0, 0, 0, 0;
 0, 0, 18, 41, 11, 26, 16, 18, 17, 11, 11, 24, 16, 11, 8, 9, 2, 4, 5, 2, 9, 20, 43, 98, 38, 73, 136, 328, 501, 270, 89;
 18, 35, 10, 19, 18, 19, 14, 21, 25, 12, 5, 12, 17, 7, 3, 5, 5, 3, 4, 19, 17, 57, 94, 32, 114, 460, 444, 256, 68, 53, 79;
 25, 31, 9, 22, 21, 12, 15, 20, 25, 12, 6, 13, 14, 8, 3, 4, 6, 2, 5, 16, 23, 74, 81, 26, 124, 517, 470, 182, 58, 77, 57;
 91, 19, 13, 12, 17, 15, 6, 22, 17, 12, 17, 4, 6, 3, 13, 21, 9, 5, 8, 5, 14, 21, 40, 17, 43, 49, 55, 27, 152, 268, 574;
 99, 16, 13, 12, 20, 9, 9, 29, 9, 20, 8, 1, 6, 3, 22, 17, 6, 6, 6, 10, 17, 14, 42, 17, 53, 65, 28, 52, 160, 569, 345;
 108, 14, 13, 16, 12, 9, 19, 21, 11, 17, 4, 4, 4, 11, 20, 13, 4, 7, 8, 11, 21, 37, 22, 22, 30, 76, 27, 133, 266, 606, 300;
 0, 0, 7, 20, 102, 1891, 5, 0, 0, 0, 0, 0, 0, 0, 0, 0, 0, 0, 0, 0, 0, 0, 0, 0, 0, 0, 0, 0, 0, 0, 0;
 0, 0, 1, 10, 57, 1110, 847, 0, 0, 0, 0, 0, 0, 0, 0, 0, 0, 0, 0, 0, 0, 0, 0, 0, 0, 0, 0, 0, 0, 0, 0;
 0, 0, 0, 3, 13, 59, 1003, 947, 0, 0, 0, 0, 0, 0, 0, 0, 0, 0, 0, 0, 0, 0, 0, 0, 0, 0, 0, 0, 0, 0, 0;
 0, 0, 2, 12, 66, 1894, 6, 0, 0, 0, 0, 0, 0, 0, 0, 0, 0, 0, 0, 0, 0, 0, 0, 0, 0, 0, 0, 0, 0, 0, 0;
 0, 0, 0, 9, 32, 1291, 648, 0, 0, 0, 0, 0, 0, 0, 0, 0, 0, 0, 0, 0, 0, 0, 0, 0, 0, 0, 0, 0, 0, 0, 0;
 0, 0, 0, 0, 11, 22, 632, 1315, 0, 0, 0, 0, 0, 0, 0, 0, 0, 0, 0, 0, 0, 0, 0, 0, 0, 0, 0, 0, 0, 0, 0;
 4, 6, 5, 5, 28, 120, 1073, 444, 143, 17, 1, 1, 0, 2, 1, 3, 0, 1, 11, 5, 17, 2, 0, 1, 0, 4, 20, 19, 18, 26, 37;
 0, 0, 1, 7, 6, 1, 6, 77, 3, 4, 7, 249, 1446, 38, 1, 1, 0, 1, 3, 2, 0, 0, 28, 7, 1, 0, 1, 0, 11, 24, 8;
 0, 0, 0, 0, 2, 3, 3, 5, 2, 3, 26, 44, 12, 4, 4, 25, 123, 163, 433, 817, 173, 5, 2, 2, 9, 18, 6, 4, 2, 1, 7;
